Date,Adj Close,Close,High,Low,Open,Volume,Daily_Return,MA20,MA50,Volatility,RSI,MACD,Signal_Line
2024-10-10,227.33583068847656,229.0399932861328,229.5,227.1699981689453,227.77999877929688,28183500,-0.0021782696463562568,225.66949920654298,223.25400024414063,0.01640796831776363,51.26049958372603,1.1932017631468739,1.1513852412409151
2024-10-11,225.85693359375,227.5500030517578,229.41000366210938,227.33999633789062,229.3000030517578,31759200,-0.006505371454991304,225.92199935913087,223.43780029296875,0.016496749656431133,51.63241047100712,1.1684040726759974,1.1547890075279317
2024-10-14,229.5790252685547,231.3000030517578,231.72999572753906,228.60000610351562,228.6999969482422,39882100,0.01647989430765695,226.6709991455078,223.66660034179688,0.015324736948357974,55.46898191579674,1.4348058357238926,1.210792373167124
2024-10-15,232.1100311279297,233.85000610351562,237.49000549316406,232.3699951171875,233.61000061035156,64751400,0.011024656368842312,227.52399978637695,224.15820037841797,0.015413033164109297,59.97867513907164,1.8305931489560407,1.3347525283249073
2024-10-16,230.055419921875,231.77999877929688,232.1199951171875,229.83999633789062,231.60000610351562,34082200,-0.008851859184055066,228.0784996032715,224.64920043945312,0.015290387395015634,55.54687093322249,1.9546926744970676,1.4587405575593393
2024-10-17,230.42269897460938,232.14999389648438,233.85000610351562,230.52000427246094,233.42999267578125,32993800,0.001596320300009113,228.24249954223632,225.09580017089843,0.012957182488343738,55.662340699169874,2.059161227508582,1.578824691549188
2024-10-18,233.25148010253906,235.0,236.17999267578125,234.00999450683594,236.17999267578125,46431500,0.01227657195109133,228.5824996948242,225.52960021972658,0.01317173053924378,52.767018370509234,2.3448944983535114,1.7320386529100527
2024-10-21,234.72044372558594,236.47999572753906,236.85000610351562,234.4499969482422,234.4499969482422,36254500,0.006297854159740712,229.082999420166,225.93440002441406,0.013030080994716423,66.65584412370563,2.6600994894077417,1.9176508202095905
2024-10-22,234.10508728027344,235.86000061035156,236.22000122070312,232.60000610351562,233.88999938964844,38846600,-0.002621765597043635,229.50749969482422,226.30100006103515,0.013067454810445429,64.70208044369095,2.827282142687068,2.099577084705086
2024-10-23,229.0430450439453,230.75999450683594,235.13999938964844,227.75999450683594,234.0800018310547,52287000,-0.021623022514703605,229.72699966430665,226.49079986572266,0.014037157169578896,57.29853319563809,2.519207869703081,2.183503241704685
2024-10-24,228.85443115234375,230.57000732421875,230.82000732421875,228.41000366210938,229.97999572753906,31109500,-0.0008233107433687215,229.87949981689454,226.66779998779296,0.014010099263248808,55.55556554920209,2.233974543028694,2.193597501969487
2024-10-25,229.6881866455078,231.41000366210938,233.22000122070312,229.57000732421875,229.74000549316406,38802300,0.0036431292501519774,230.06050033569335,226.8016000366211,0.014024799845658947,66.3857215469113,2.0520509944628316,2.165288200468156
2024-10-28,231.66336059570312,233.39999389648438,234.72999572753906,232.5500030517578,233.32000732421875,36087100,0.008599413175243154,230.08050003051758,226.94859985351562,0.013184984734868574,63.837505015704345,2.044878762921627,2.1412063129588503
2024-10-29,231.93136596679688,233.6699981689453,234.3300018310547,232.32000732421875,233.10000610351562,35417200,0.0011568306749001334,230.4534996032715,227.10419982910156,0.011236705207946748,58.57916257250626,2.037494833871449,2.1204640171413702
2024-10-30,228.387939453125,230.10000610351562,233.47000122070312,229.5500030517578,232.61000061035156,47070900,-0.015277922255336196,230.61949996948243,227.17600006103515,0.011854755043833827,51.952862994020734,1.7237046980984871,2.0411121533327936
2024-10-31,224.2291259765625,225.91000366210938,229.8300018310547,225.3699951171875,229.33999633789062,64370100,-0.01820948426885871,230.63150024414062,227.16620025634765,0.012544811303231004,47.252010004126625,1.1239691582428009,1.8576835543147951
2024-11-01,221.25144958496094,222.91000366210938,225.35000610351562,220.27000427246094,220.97000122070312,65276700,-0.013279624414008095,230.4370002746582,227.1338003540039,0.012833578683757898,35.5792285205784,0.40196588162376656,1.5665400197765895
2024-11-04,220.35812377929688,222.00999450683594,222.7899932861328,219.7100067138672,220.99000549316406,44944500,-0.004037544930633463,230.4529998779297,227.03720031738283,0.011809798270789226,28.425624768184733,-0.2400826110953176,1.2052154936022081
2024-11-05,221.78741455078125,223.4499969482422,223.9499969482422,221.13999938964844,221.8000030517578,28111300,0.006486205472888695,230.33699951171874,226.96260040283204,0.011120190393642627,34.464738286836976,-0.6255040831579208,0.8390715782501823
2024-11-06,221.06285095214844,222.72000122070312,226.07000732421875,221.19000244140625,222.61000061035156,54561100,-0.0032669310248778505,229.99599990844726,226.85640045166016,0.010369882676926541,32.646303630437174,-0.9785774987011848,0.4755417628599089
2024-11-07,225.7874298095703,227.47999572753906,227.8800048828125,224.57000732421875,224.6300048828125,42137700,0.02137210165565251,229.9180000305176,226.87620025634766,0.011553105831180525,37.0701312057761,-0.8643354277273829,0.20756632474245057
2024-11-08,225.51913452148438,226.9600067138672,228.66000366210938,226.41000366210938,227.1699981689453,38328800,-0.0022858669924307184,229.88850021362305,226.81960052490234,0.011471643815226563,33.0725444551162,-0.8064601603601602,0.004761027721928407
2024-11-11,222.8064727783203,224.22999572753906,225.6999969482422,221.5,225.0,42005600,-0.01202859933719469,229.5349998474121,226.7242004394531,0.011071548760794307,30.764121077029927,-0.9697045149178507,-0.19013208080602742
2024-11-12,222.8064727783203,224.22999572753906,225.58999633789062,223.36000061035156,224.5500030517578,40398300,0.0,229.0539993286133,226.75340026855469,0.010683170994541196,37.007549859798736,-1.086551749800151,-0.3694160146048521
2024-11-13,223.69082641601562,225.1199951171875,226.64999389648438,222.75999450683594,224.00999450683594,48566200,0.003969136184303723,228.72099914550782,226.83880004882812,0.010637722035881496,39.45022253150708,-1.094719270265358,-0.5144766657369534
2024-11-14,226.77114868164062,228.22000122070312,228.8699951171875,225.0,225.02000427246094,44923900,0.013770460957508002,228.52449951171874,226.95559997558593,0.011154146579889938,44.321817626755525,-0.841348957297896,-0.579851124049142
2024-11-15,223.5715789794922,225.0,226.9199981689453,224.27000427246094,226.39999389648438,47923700,-0.014109198157391867,228.02449951171874,227.03919982910156,0.011087030570358657,35.675320944504236,-0.8901176247749731,-0.6419044241943082
2024-11-18,226.5724334716797,228.02000427246094,229.74000549316406,225.1699981689453,225.25,44633700,0.013422241210937491,227.60149993896485,227.1813998413086,0.011479024110512638,41.19115589939764,-0.6772708824051392,-0.6489777158364745
2024-11-19,226.8307647705078,228.27999877929688,230.16000366210938,226.66000366210938,226.97999572753906,36211800,0.0011402267431117608,227.2224998474121,227.3447998046875,0.011494922864096728,46.83587151212638,-0.4820521249329772,-0.615592597655775
2024-11-20,227.54620361328125,229.0,229.92999267578125,225.88999938964844,228.05999755859375,35169600,0.0031540267415159917,227.1345001220703,227.4715997314453,0.010513110097519962,56.10912474070928,-0.2661734896501855,-0.5457087760546571
2024-11-21,227.06927490234375,228.52000427246094,230.16000366210938,225.7100067138672,228.8800048828125,42108300,-0.002096051211960992,227.03199996948243,227.58659973144532,0.010520101518020145,62.31883960851195,-0.13229474808247232,-0.46302597046022015
2024-11-22,228.41064453125,229.8699951171875,230.72000122070312,228.05999755859375,228.05999755859375,38168300,0.005907539031537068,226.95499954223632,227.73399963378907,0.010577862209984433,66.92507614613487,0.08179521367199527,-0.35406173363377713
2024-11-25,231.39161682128906,232.8699951171875,233.25,229.74000549316406,231.4600067138672,90152800,0.013050855108212911,226.9284996032715,228.06499938964845,0.010818636375698692,69.00727286834021,0.48791361432097347,-0.18566666404282703
2024-11-26,233.56771850585938,235.05999755859375,235.57000732421875,233.3300018310547,233.3300018310547,45986200,0.009404399395912533,226.9979995727539,228.43039947509766,0.011022647393010569,73.51372128508825,0.9752383268011613,0.04651433412597064
2024-11-27,233.4385223388672,234.92999267578125,235.69000244140625,233.80999755859375,234.47000122070312,33498400,-0.000553071063399857,227.2394989013672,228.71519927978517,0.010397601664873338,67.2373825493404,1.33556085075017,0.30432363745081054
2024-11-29,235.82330322265625,237.3300018310547,237.80999755859375,233.97000122070312,234.80999755859375,28481400,0.01021584825308186,227.81049880981445,228.8843994140625,0.009526894243893936,72.07319275425772,1.7940984776180926,0.602278605484267
2024-12-02,238.06895446777344,239.58999633789062,240.7899932861328,237.16000366210938,237.27000427246094,48137100,0.009522582435425697,228.6444984436035,229.11219940185546,0.008880069843051456,83.36228879142061,2.3131904994687886,0.9444609842811714
2024-12-03,241.1095428466797,242.64999389648438,242.75999450683594,238.89999389648438,239.80999755859375,38861000,0.01277180852859261,229.67649841308594,229.43579925537108,0.008909409609018929,85.31441118806164,2.9376277520377414,1.3430943378324853
2024-12-04,241.4672393798828,243.00999450683594,244.11000061035156,241.25,242.8699951171875,44383900,0.0014836209330593153,230.6544982910156,229.74859924316405,0.008920703499347392,85.00977935972816,3.422099975793145,1.7588954654246174
2024-12-05,241.49705505371094,243.0399932861328,244.5399932861328,242.1300048828125,243.99000549316406,40033900,0.00012344668933361724,231.6704978942871,230.08199920654297,0.008801919741764438,82.96262206863877,3.765067005564873,2.1601297734526685
2024-12-06,241.29833984375,242.83999633789062,244.6300048828125,242.0800018310547,242.91000366210938,36870600,-0.0008228972752098995,232.4384979248047,230.38839904785155,0.00790443001082801,95.8376263398493,3.9749124489101177,2.5230863085441584
2024-12-09,245.18350219726562,246.75,247.24000549316406,241.75,241.8300018310547,44649200,0.01610115187396466,233.42799758911133,230.76759918212892,0.008280634465175898,96.01966622602363,4.405932248520884,2.899655496539504
2024-12-10,246.19703674316406,247.77000427246094,248.2100067138672,245.33999633789062,246.88999938964844,36914800,0.004133755916761572,234.60499801635743,231.06299926757814,0.0073473737407631174,96.16296762115414,4.774783631790882,3.2746811235897795
2024-12-11,244.9251708984375,246.49000549316406,250.8000030517578,246.25999450683594,247.9600067138672,45205800,-0.005166076430661581,235.71799850463867,231.46859924316405,0.007619274545017197,90.35534603373551,4.9072481048728775,3.6011945198463993
2024-12-12,246.38580322265625,247.9600067138672,248.74000549316406,245.67999267578125,246.88999938964844,32777500,0.005963735599591624,236.85999908447266,231.89219940185546,0.0076212773464105175,92.89496756329433,5.072372811020301,3.89543017808118
2024-12-13,246.55474853515625,248.1300048828125,249.2899932861328,246.24000549316406,247.82000732421875,33155300,0.0006855870476785153,237.85549926757812,232.34139953613283,0.0073747363654632055,92.50465648562137,5.157500308675367,4.147844204200018
2024-12-16,249.4462432861328,251.0399932861328,251.3800048828125,247.64999389648438,247.99000549316406,51694800,0.011727676403724852,239.15749893188476,232.82619934082032,0.00615821326805748,92.473115211351,5.3975565363489295,4.3977866706298006
2024-12-17,251.87075805664062,253.47999572753906,253.8300018310547,249.77999877929688,250.0800018310547,51356400,0.009719576588042456,240.43049850463868,233.46199920654297,0.005960257644363179,92.56007090683325,5.718768231004759,4.661982982704792
2024-12-18,246.4752655029297,248.0500030517578,254.27999877929688,247.74000549316406,252.16000366210938,56774100,-0.021421779893107784,241.41899871826172,233.9075991821289,0.008420906535588309,74.35043915767366,5.472096858310891,4.824005757826012
2024-12-19,248.20419311523438,249.7899932861328,252.0,247.08999633789062,247.5,60882300,0.007014675319362729,242.45849838256837,234.3125991821289,0.008440008636798587,73.70625285957485,5.355278372950352,4.930260280850881
2024-12-20,252.87437438964844,254.49000549316406,255.0,245.69000244140625,248.0399932861328,147495300,0.018815854651340613,243.75699844360352,234.82159942626953,0.008878366672875112,75.94014003877392,5.577654853950122,5.05973919547073
2024-12-23,253.64942932128906,255.27000427246094,255.64999389648438,253.4499969482422,254.77000427246094,40858800,0.0030649485734630666,245.0269989013672,235.3759994506836,0.008893126156487689,73.86538671295861,5.750540548193584,5.1978994660153015
2024-12-24,256.5608215332031,258.20001220703125,258.2099914550781,255.2899932861328,255.49000549316406,23234700,0.011478073747524853,246.2934997558594,235.91399963378908,0.00882761659769038,76.18066283434823,6.054191904011645,5.369157953614571
2024-12-26,257.37554931640625,259.0199890136719,260.1000061035156,257.6300048828125,258.19000244140625,27237100,0.003175742710589624,247.4914993286133,236.41739929199218,0.008781721682189034,76.81209808030943,6.288513003213524,5.553028963534361
2024-12-27,253.96737670898438,255.58999633789062,258.70001220703125,253.05999755859375,257.8299865722656,42355300,-0.013242192962953925,248.52449951171874,236.89359924316406,0.009615366109085434,69.30065433150456,6.126816294796981,5.667786429786885
2024-12-30,250.598876953125,252.1999969482422,253.5,250.75,252.22999572753906,35557500,-0.013263427513676485,249.26799926757812,237.2945993041992,0.010262413232888437,58.38204088759221,5.659882269429772,5.666205597715463
2024-12-31,248.8302001953125,250.4199981689453,253.27999877929688,249.42999267578125,252.44000244140625,39480700,-0.007057885808230857,249.80949935913085,237.60299926757813,0.010384681174847327,53.98256267256167,5.087556480614893,5.550475774295348
2025-01-02,242.30194091796875,243.85000610351562,249.10000610351562,241.82000732421875,248.92999267578125,55740700,-0.026235892155055618,249.86949996948243,237.75039947509765,0.011864944561689744,46.57675999628027,4.05707330204342,5.251795279844963
2025-01-03,241.81503295898438,243.36000061035156,244.17999267578125,241.88999938964844,243.36000061035156,40244100,-0.0020094545044057055,249.8870002746582,237.90039947509766,0.011872526496952808,43.87970797940588,3.1643914754795617,4.834314518971883
2025-01-06,243.44459533691406,245.0,247.3300018310547,243.1999969482422,244.30999755859375,45045600,0.006738984983297502,249.98500061035156,238.18519958496094,0.011963868983618103,45.99230690479521,2.559761602839046,4.379403935745316
2025-01-07,240.6723175048828,242.2100067138672,245.5500030517578,241.35000610351562,242.97999572753906,40856000,-0.011387727698501271,249.9535011291504,238.4179995727539,0.012253683799561255,38.65913799712619,1.8343141002771972,3.8703859686516924
2025-01-08,241.1592254638672,242.6999969482422,243.7100067138672,240.0500030517578,241.9199981689453,37628900,0.0020229974847978394,249.7510009765625,238.64379943847655,0.011666864068650475,35.42453573689157,1.284127225510474,3.353134220023449
2025-01-10,235.34637451171875,236.85000610351562,240.16000366210938,233.0,240.00999450683594,61710900,-0.024103794471716178,249.20500106811522,238.71279968261717,0.012705559541286228,35.02672127743169,0.371769267917216,2.756861229602203
2025-01-13,232.9119110107422,234.39999389648438,234.6699981689453,229.72000122070312,233.52999877929688,49630700,-0.010344150913639716,248.60050048828126,238.72739959716796,0.012821962342222087,29.808434181155718,-0.542720353754305,2.0969449129309012
2025-01-14,231.7990264892578,233.27999877929688,236.1199951171875,232.47000122070312,234.75,39435300,-0.004778136289893098,247.86650009155272,238.7909994506836,0.01267587516894686,19.28752449783579,-1.3423603190702238,1.4090838665306764
2025-01-15,236.35987854003906,237.8699951171875,238.9600067138672,234.42999267578125,234.63999938964844,39832000,0.019675910330543056,247.35349960327147,239.03019927978517,0.013638801750135687,27.308253009674658,-1.5874077598812733,0.8097855412482866
2025-01-16,226.81089782714844,228.25999450683594,238.00999450683594,228.02999877929688,237.35000610351562,71759100,-0.040400222002010655,246.21449966430663,239.1371990966797,0.015698551994791077,16.748050366946885,-2.5279161139363566,0.14224521021135805
2025-01-17,228.5199737548828,229.97999572753906,232.2899932861328,228.47999572753906,232.1199951171875,68488300,0.007535272330218223,245.03949966430665,239.29659912109375,0.015600783832965766,18.37977597609631,-3.098765398066604,-0.5059569114442344
2025-01-21,221.22654724121094,222.63999938964844,224.4199981689453,219.3800048828125,224.0,98070400,-0.031915803436166845,243.76899948120118,239.28039916992188,0.016349992101346893,16.937571827047364,-4.096225195800201,-1.2240105683154279
2025-01-22,222.40902709960938,223.8300018310547,224.1199951171875,219.7899932861328,219.7899932861328,64126500,0.00534496247156202,242.47099990844725,239.30259918212892,0.016288158535054584,20.218338876647536,-4.736101193618339,-1.92642869337601
2025-01-23,222.2401123046875,223.66000366210938,227.02999877929688,222.3000030517578,224.74000549316406,60234800,-0.0007594967946863429,240.92949981689452,239.2261993408203,0.015319278885336653,20.925673872210055,-5.197016986655342,-2.5805463520318765
2025-01-24,221.3656768798828,222.77999877929688,225.6300048828125,221.41000366210938,224.77999877929688,54697900,-0.003934565270516388,239.30499954223632,239.14259918212892,0.015172770422915814,23.87798866921976,-5.569107903627696,-3.1782586623510403
2025-01-27,228.40074157714844,229.86000061035156,232.14999389648438,223.97999572753906,224.02000427246094,94863400,0.03178024001189028,237.88799896240235,239.25519927978516,0.017017992353558293,35.61380550175157,-5.232380038338135,-3.5890829375484596
2025-01-28,236.74742126464844,238.25999450683594,240.19000244140625,230.80999755859375,230.85000610351562,75707600,0.036543956643956044,236.84999923706056,239.5357992553711,0.01939875595667437,43.72204887419481,-4.238848664521754,-3.719036082943119
2025-01-29,237.84042358398438,239.36000061035156,239.86000061035156,234.00999450683594,234.1199951171875,45486100,0.004616830894303092,236.0384994506836,239.8205993652344,0.0193614280796997,47.259081901470296,-3.324385150686936,-3.6401058964918827
2025-01-30,236.0816650390625,237.58999633789062,240.7899932861328,237.2100067138672,238.6699981689453,55658300,-0.0073947370820001135,235.30799942016603,240.00799926757813,0.019243345017265573,45.20367918104966,-2.7112373236828944,-3.454332181930085
2025-01-31,234.50177001953125,236.0,247.19000244140625,233.44000244140625,247.19000244140625,100959800,-0.006692185539787565,234.58699951171874,240.22799926757813,0.019239262685368734,49.13282398067199,-2.326790872800018,-3.228823920104072
2025-02-03,226.5624542236328,228.00999450683594,231.8300018310547,225.6999969482422,229.99000549316406,73063300,-0.033855955479508704,233.79499893188478,240.2277990722656,0.019795526190178634,44.1429889714346,-2.6364496087674922,-3.110349057836756
2025-02-04,231.3220672607422,232.8000030517578,233.1300048828125,226.64999389648438,227.25,45067300,0.021007888515072404,233.2669990539551,240.31819915771484,0.020522050959545016,49.58777431151352,-2.466905775998754,-2.981660401469156
2025-02-05,230.99417114257812,232.47000122070312,232.6699981689453,228.27000427246094,228.52999877929688,39620300,-0.0014175336199687694,232.64049911499023,240.3875991821289,0.020419721412210552,44.99630124389055,-2.332284334842427,-2.8517851881438103
2025-02-06,231.73941040039062,233.22000122070312,233.8000030517578,230.42999267578125,231.2899932861328,29925300,0.00322622272147699,232.19099884033204,240.48159912109375,0.02034336688151709,55.49889619122535,-2.14040389707219,-2.7095089299294863
2025-02-07,226.18490600585938,227.6300048828125,234.0,227.25999450683594,232.60000610351562,39707200,-0.023968769010513147,231.43749923706054,240.43679931640625,0.020915705007942292,47.600581933936354,-2.4116037873452,-2.6499279014126293
2025-02-10,226.45346069335938,227.64999389648438,230.58999633789062,227.1999969482422,229.57000732421875,33115600,8.781361526644105e-05,230.97749862670898,240.33239929199217,0.020321584246263864,56.01439784581849,-2.5950051044189593,-2.6389433420138952
2025-02-11,231.39735412597656,232.6199951171875,235.22999572753906,228.1300048828125,228.1999969482422,53718400,0.021831765227118938,230.88849868774415,240.28359924316408,0.02087419944733246,59.67421500211097,-2.3126555534158797,-2.573685784294292
2025-02-12,235.625,236.8699951171875,236.9600067138672,230.67999267578125,231.1999969482422,45243300,0.018270140526221557,231.06799850463867,240.32239929199218,0.021239620282837185,63.340727983707524,-1.7260551296566007,-2.404159653366754
2025-02-13,240.26052856445312,241.52999877929688,242.33999633789062,235.57000732421875,236.91000366210938,53614100,0.01967325435120615,231.25099868774413,240.40639923095702,0.021239497237793357,67.59241601940664,-0.8750595752648564,-2.0983396377463746
2025-02-14,243.3143768310547,244.60000610351562,245.5500030517578,240.99000549316406,241.25,40896200,0.012710666748373622,232.06799926757813,240.50659942626953,0.018995244796229875,64.95535845603888,0.046547891506946826,-1.6693621318957104
2025-02-18,243.18507385253906,244.47000122070312,245.17999267578125,241.83999633789062,244.14999389648438,48822500,-0.0005314999164697243,232.79249954223633,240.5429995727539,0.018993701222354106,57.57132763290226,0.7577038034085604,-1.1839489448348564
2025-02-19,243.58294677734375,244.8699951171875,246.00999450683594,243.16000366210938,244.66000366210938,32204200,0.001636167605379324,233.90399932861328,240.58019958496095,0.017114784736741016,56.83452338727597,1.3381507824993832,-0.6795289993680085
2025-02-20,244.5379180908203,245.8300018310547,246.77999877929688,244.2899932861328,244.94000244140625,32316900,0.003920475080696484,235.00399932861328,240.6359997558594,0.017115837920397003,60.43038267096694,1.8542490848020918,-0.17277338253398844
2025-02-21,244.25938415527344,245.5500030517578,248.69000244140625,245.22000122070312,245.9499969482422,53197400,-0.001138993520771736,236.0984992980957,240.6901998901367,0.01712257846605962,62.503271308655314,2.2151324778896537,0.30480778955074006
2025-02-24,245.80125427246094,247.10000610351562,248.86000061035156,244.4199981689453,244.92999267578125,51326400,0.00631237235794746,237.31449966430665,240.69720001220702,0.016999745320000977,80.06299594044317,2.5962791691624147,0.763102065473075
2025-02-25,245.74156188964844,247.0399932861328,250.0,244.91000366210938,248.0,48013300,-0.0002428685386501872,238.1734992980957,240.68259979248046,0.015846402874639266,76.35081410267995,2.860523797471899,1.18258641187284
2025-02-26,239.09666442871094,240.36000061035156,244.97999572753906,239.1300048828125,244.3300018310547,44433600,-0.027040126527384523,238.27849960327148,240.55999969482423,0.015284886985567089,61.82199121419593,2.5020775942620617,1.4464846483506844
2025-02-27,236.052734375,237.3000030517578,242.4600067138672,237.05999755859375,239.41000366210938,41153600,-0.012730893454915293,238.1754997253418,240.34679962158202,0.015532211744432254,55.71749008371377,1.9486276002438956,1.5469132387293265
2025-02-28,240.56887817382812,241.83999633789062,242.08999633789062,230.1999969482422,236.9499969482422,56833400,0.019131872009047424,238.38799972534179,240.2209994506836,0.016020899415009414,70.5168776371308,1.8549710568129854,1.6085248023460583
2025-03-03,236.7789306640625,238.02999877929688,244.02999877929688,236.11000061035156,241.7899932861328,47184000,-0.01575420780800274,238.48949966430663,239.9607995605469,0.01637442630713152,63.508590909704694,1.4565227225925526,1.5781243863953573
2025-03-04,234.68995666503906,235.92999267578125,240.07000732421875,234.67999267578125,237.7100067138672,53798100,-0.00882244302938795,238.8854995727539,239.60979949951172,0.014449064937884745,54.655409076978934,0.9602276978078521,1.4545450486778564
2025-03-05,234.50096130371094,235.74000549316406,236.5500030517578,229.22999572753906,235.4199981689453,47227600,-0.0008052693108767661,239.03249969482422,239.36359954833983,0.013728839567946908,48.20579640059329,0.5452941259551096,1.272694864133307
2025-03-06,234.09312438964844,235.3300018310547,237.86000061035156,233.16000366210938,234.44000244140625,45170400,-0.0017392197020257294,239.1754997253418,239.07439971923827,0.013731660594845702,38.619684842211036,0.1812826977431996,1.0544124308552854
2025-03-07,237.81346130371094,239.07000732421875,241.3699951171875,234.75999450683594,235.11000061035156,46273600,0.015892599600832114,239.46800003051757,238.76599975585938,0.014140255083822186,40.09316006145065,0.19237067569002875,0.8820040798222342
2025-03-10,226.28436279296875,227.47999572753906,236.16000366210938,224.22000122070312,235.5399932861328,72071200,-0.04847957184759566,239.46049957275392,238.21019958496095,0.017183443337173695,28.42265555569766,-0.7256937501630034,0.5604645138251867
2025-03-11,219.67926025390625,220.83999633789062,225.83999633789062,217.4499969482422,223.80999755859375,76137400,-0.029189377151217277,239.11999969482423,237.4629992675781,0.01839005235504663,23.657103246531236,-1.9663915422401317,0.05509330261212303
2025-03-12,215.83956909179688,216.97999572753906,221.75,214.91000366210938,220.13999938964844,62547500,-0.017478720677234882,238.3379997253418,236.62219940185548,0.017874987074520246,20.26386281624785,-3.223959473129298,-0.6007172525361613
2025-03-13,208.5779266357422,209.67999267578125,216.83999633789062,208.4199981689453,215.9499969482422,61368300,-0.03364366852013578,236.97849960327147,235.7039993286133,0.018338049780711574,17.702141808054762,-4.754829639941903,-1.4315397300173096
2025-03-14,212.36788940429688,213.49000549316406,213.9499969482422,209.5800018310547,211.25,60107600,0.01817060735629683,235.57649993896484,234.92979949951172,0.018230453448803294,20.920585943595583,-5.596110604121321,-2.264453904838112
2025-03-17,212.87521362304688,214.0,215.22000122070312,209.97000122070312,213.30999755859375,48073400,0.00238884488132296,234.04649963378907,234.2013995361328,0.017814511411769613,21.63462382398737,-6.150777203954505,-3.041718564661391
2025-03-18,211.57211303710938,212.69000244140625,215.14999389648438,211.49000549316406,214.16000366210938,42432400,-0.006121483918662407,232.4574996948242,233.57819946289064,0.017759588890169507,23.83204772216368,-6.619751955461453,-3.7573252428214037
2025-03-19,214.1086883544922,215.24000549316406,218.75999450683594,213.75,214.22000122070312,54385400,0.011989294383784266,230.97600021362305,233.01579956054687,0.018164295167734656,28.934309709028156,-6.708324500741611,-4.347525094405445
2025-03-20,212.97471618652344,214.10000610351562,217.49000549316406,212.22000122070312,213.99000549316406,48862900,-0.0052964103352275416,229.3895004272461,232.39779968261718,0.01800842349960929,21.67077432086576,-6.79221092484201,-4.836462260492759
2025-03-21,217.12277221679688,218.27000427246094,218.83999633789062,211.27999877929688,211.55999755859375,94127800,0.019476870855058115,228.02550048828124,231.91899963378907,0.01891260821289345,29.967573541172882,-6.44788036700092,-5.158745881794392
2025-03-24,219.56982421875,220.72999572753906,221.47999572753906,218.5800018310547,221.0,44299500,0.011270405492856295,226.7069999694824,231.479599609375,0.019109804156701396,34.70209891244288,-5.90838696068613,-5.30867409757274
2025-03-25,222.573974609375,223.75,224.10000610351562,220.0800018310547,220.77000427246094,34493600,0.013681893403326706,225.5425003051758,231.21759948730468,0.019557958340535034,38.58312723371449,-5.177462874622819,-5.282431852982755
2025-03-26,220.3656463623047,221.52999877929688,225.02000427246094,220.47000122070312,223.50999450683594,34466100,-0.009921793165153625,224.60100021362305,230.96019958496095,0.018894689131987774,37.297498789999885,-4.72289324218346,-5.170524130822896
2025-03-27,222.6734619140625,223.85000610351562,224.99000549316406,220.55999755859375,221.38999938964844,37094800,0.010472655337889991,223.92850036621093,230.77159973144532,0.019035700156661124,35.61437221505595,-4.12785498871429,-4.961990302401175
2025-03-28,216.7547149658203,217.89999389648438,223.80999755859375,217.67999267578125,221.6699981689453,39818600,-0.026580353115021937,222.73150024414062,230.37219970703126,0.019015793413255055,39.86458235463719,-4.089260692811138,-4.787444380483168
2025-03-31,220.96249389648438,222.1300048828125,225.6199951171875,216.22999572753906,217.00999450683594,65299300,0.019412625538381745,221.9365005493164,230.24959991455077,0.0195886869266308,51.43813544214049,-3.6749849612960475,-4.564952496645744
2025-04-01,222.0169219970703,223.19000244140625,223.67999267578125,218.89999389648438,219.80999755859375,36412700,0.0047719692760685994,221.29950103759765,230.11380004882812,0.01962157024788297,57.384068675745006,-3.2239715776707953,-4.296756312850754
2025-04-02,222.71324157714844,223.88999938964844,225.19000244140625,221.02000427246094,221.32000732421875,35905900,0.003136327526256366,220.70700073242188,230.13880004882813,0.019660158450182923,70.04230705824979,-2.7780328843419966,-3.993011627149003
2025-04-03,202.1220245361328,203.19000244140625,207.49000549316406,201.25,205.5399932861328,103419000,-0.09245610346452682,219.10000076293946,229.72600006103517,0.02813879044661894,40.160488374432056,-4.0482740306325695,-4.004064107845717
2025-04-04,187.389892578125,188.3800048828125,199.8800048828125,187.33999633789062,193.88999938964844,125910900,-0.07288743235713335,216.56550064086915,229.0204000854492,0.031187306689105042,30.77731881336838,-6.178767337606956,-4.439004753797965
2025-04-07,180.50625610351562,181.4600067138672,194.14999389648438,174.6199951171875,177.1999969482422,160466300,-0.036734249865053914,214.26450119018554,228.19400024414062,0.03055581964087791,28.38755077374188,-8.329566593441712,-5.217117121726715
2025-04-08,171.5137481689453,172.4199981689453,190.33999633789062,169.2100067138672,186.6999969482422,120859500,-0.049818186985832624,211.84350128173827,227.0452001953125,0.031542310219989135,22.809248133734712,-10.640882172469077,-6.301870131875187
2025-04-09,197.80487060546875,198.85000610351562,200.61000061035156,171.88999938964844,171.9499969482422,184395900,0.15328852926139658,210.9370018005371,226.25700042724608,0.048487752950120415,42.67038560737092,-10.222101640773019,-7.085916433654754
2025-04-10,189.4191436767578,190.4199981689453,194.77999877929688,183.0,189.07000732421875,121880000,-0.04239380274487847,209.9740020751953,225.27820037841798,0.04881461482792783,37.141012070629195,-10.449985314244373,-7.758730209772677
2025-04-11,197.1085205078125,198.14999389648438,199.5399932861328,186.05999755859375,186.10000610351562,87435900,0.0405944533235465,209.20700149536134,224.48940032958984,0.0495948508434975,40.058122043661136,-9.892800666314344,-8.185544301081011
2025-04-14,201.45556640625,202.52000427246094,212.94000244140625,201.16000366210938,211.44000244140625,101352900,0.022054052538903912,208.63300170898438,223.81980041503905,0.04989272394783139,40.76234157443918,-8.994916702287696,-8.347418781322348
2025-04-15,201.07754516601562,202.13999938964844,203.50999450683594,199.8000030517578,201.86000061035156,51343900,-0.0018763819612667154,208.1055015563965,223.3024005126953,0.04988151828700356,41.42566981356271,-8.219253966681578,-8.321785818394195
2025-04-16,193.24891662597656,194.27000427246094,200.6999969482422,192.3699951171875,198.36000061035156,59732400,-0.038933388448355366,207.05700149536133,222.53180053710938,0.05045890269071207,37.53161708247988,-8.14568016361278,-8.286564687437913
2025-04-17,195.9446563720703,196.97999572753906,198.8300018310547,194.4199981689453,197.1999969482422,52164700,0.013949613401343264,206.2010009765625,221.82200042724608,0.0506148904612822,40.93430641489272,-7.779026952101219,-8.185057140370574
2025-04-21,192.14476013183594,193.16000366210938,193.8000030517578,189.80999755859375,193.27000427246094,46742500,-0.019392791899099593,204.94550094604492,221.0208004760742,0.050453428441307076,37.40106074927728,-7.7078418719244155,-8.089614086681344
2025-04-22,198.69017028808594,199.74000549316406,201.58999633789062,195.97000122070312,196.1199951171875,52976400,0.03406503264808869,203.89600143432617,220.46300048828124,0.05109179430670647,40.26890369360444,-7.039331000682694,-7.879557469481615
2025-04-23,203.52462768554688,204.60000610351562,208.0,202.8000030517578,206.0,52929200,0.024331633507028716,202.93850173950196,220.00200073242186,0.05133824779279387,42.26233779810487,-6.047656269389108,-7.513177229463114
2025-04-24,207.27481079101562,208.3699951171875,208.8300018310547,202.94000244140625,204.88999938964844,47311000,0.018426143212158408,202.28050155639647,219.51700073242188,0.05153518293219997,52.40437830350939,-4.901044108232128,-6.990750605216918
2025-04-25,208.18002319335938,209.27999877929688,209.75,206.1999969482422,206.3699951171875,38222300,0.0043672490446504675,201.55200119018554,218.96520080566407,0.05147653109197572,61.13834590966251,-3.8742560076903487,-6.367451685711604
2025-04-28,209.03550720214844,210.13999938964844,211.5,207.4600067138672,210.0,38743100,0.0041093301575299,201.16400146484375,218.3374008178711,0.051165921437261924,66.34001224041285,-2.9570372932470548,-5.685368807218695
2025-04-29,210.0998992919922,211.2100067138672,212.24000549316406,208.3699951171875,208.69000244140625,36827600,0.005091878401668248,200.61800155639648,217.66960083007814,0.050970960701688994,74.30756008948354,-2.1193635020133854,-4.972167746177633
2025-04-30,211.3831024169922,212.5,213.5800018310547,206.6699981689453,209.3000030517578,52286500,0.006107633374967891,200.08350143432617,217.03020080566407,0.05098023031254518,62.48855939704183,-1.3360086341813826,-4.2449359237783835
2025-05-01,212.19879150390625,213.32000732421875,214.55999755859375,208.89999389648438,209.0800018310547,57365700,0.0038588579963234615,199.55500183105468,216.39920104980467,0.05098375700872461,74.34099960004062,-0.6416302060655426,-3.524274780235815
2025-05-02,204.27069091796875,205.35000610351562,206.99000549316406,202.16000366210938,206.08999633789062,101010600,-0.0373617145464924,199.66300201416016,215.5896011352539,0.04713760128913979,57.614226303855176,-0.726073071089985,-2.9646344384066494
2025-05-05,197.84463500976562,198.88999938964844,204.10000610351562,198.2100067138672,203.10000610351562,69018500,-0.03145851727226512,200.18850173950196,214.65640106201172,0.04453299479600611,46.32367303845574,-1.2992858448382378,-2.6315647196929675
2025-05-06,197.4666290283203,198.50999450683594,200.64999389648438,197.02000427246094,198.2100067138672,51216500,-0.0019106284075551816,201.0410011291504,213.68460083007812,0.043542167715666845,46.32367303845574,-1.7638912753800469,-2.4580300308303835
2025-05-07,195.218505859375,196.25,199.44000244140625,193.25,199.1699981689453,68536700,-0.011384789528862349,202.2325012207031,212.66880096435546,0.04179194997502526,52.26233543885587,-2.288081516089079,-2.424040327882123
2025-05-08,196.45201110839844,197.49000549316406,200.0500030517578,194.67999267578125,197.72000122070312,50478900,0.006318499328224592,202.16450119018555,211.81140106201173,0.023826351310890365,50.602990851944675,-2.5737790554681226,-2.453988073399323
2025-05-09,197.4865264892578,198.52999877929688,200.5399932861328,197.5399932861328,199.0,36453900,0.0052660552797889615,202.57000122070312,211.0360009765625,0.021655169316499693,56.79574005301762,-2.6853229161394836,-2.500255041947355
2025-05-12,209.95706176757812,210.7899932861328,211.27000427246094,206.75,210.97000122070312,63775800,0.06175386381009962,203.20200119018554,210.41500091552734,0.024012520126466135,62.22614206239119,-1.7641075994120001,-2.3530255534402844
2025-05-13,212.08859252929688,212.92999267578125,213.39999389648438,209.0,210.42999267578125,51909300,0.010152281691776288,203.72250061035157,209.91300079345703,0.023670125951975214,59.80690644318248,-0.8515417150591418,-2.0527287857640557
2025-05-14,211.490966796875,212.3300018310547,213.94000244140625,210.5800018310547,212.42999267578125,49325800,-0.0028177845553216674,204.23200073242188,209.4410009765625,0.02368079397901095,55.03817608951823,-0.1747267822815104,-1.6771283850675467
2025-05-15,210.6144561767578,211.4499969482422,212.9600067138672,209.5399932861328,210.9499969482422,45029500,-0.004144515024837148,205.09100036621095,208.95520080566405,0.021650260604555327,52.76292071919518,0.28733269613505286,-1.2842361688270267
2025-05-16,210.42520141601562,211.25999450683594,212.57000732421875,209.77000427246094,212.36000061035156,54737900,-0.0008985691376138805,205.80500030517578,208.4738006591797,0.021562356376877423,51.45077064778688,0.6309137714075348,-0.9012061807801145
2025-05-19,207.9550018310547,208.77999877929688,209.47999572753906,204.25999450683594,207.91000366210938,46140500,-0.011739069355408915,206.58600006103515,207.86800048828124,0.021195283937615533,46.963248852539664,0.6950769060035782,-0.581949563423376
2025-05-20,206.04258728027344,206.86000061035156,208.47000122070312,205.02999877929688,207.6699981689453,42496600,-0.009196274452396014,206.94199981689454,207.4556005859375,0.02015916492177577,43.06102426875894,0.5842638167141843,-0.348706887395864
2025-05-21,201.2914276123047,202.08999633789062,207.0399932861328,200.7100067138672,205.1699981689453,59211800,-0.02305909435553888,206.81649932861328,207.0806005859375,0.02017432087735496,37.40747711523654,0.11027300631437242,-0.25691090865381666
2025-05-22,200.56430053710938,201.36000061035156,202.75,199.6999969482422,200.7100067138672,46742400,-0.003612230891026025,206.46599960327148,206.76820068359376,0.019686393033863814,44.65862587523577,-0.3205772650711367,-0.2696441799372807
2025-05-23,194.49839782714844,195.27000427246094,197.6999969482422,193.4600067138672,193.6699981689453,78432900,-0.03024432021966106,205.7654998779297,206.48000091552734,0.02063914384207291,45.10546642899584,-1.1402963905174772,-0.44377462205332
2025-05-27,199.4188690185547,200.2100067138672,200.74000549316406,197.42999267578125,198.3000030517578,56288500,0.025298316860348224,205.2690002441406,206.2144009399414,0.02156052341854766,52.046236285816306,-1.3754573750653378,-0.6301111726557236
2025-05-28,199.62803649902344,200.4199981689453,202.72999572753906,199.89999389648438,200.58999633789062,45339700,0.0010488559414427723,204.72949981689453,205.94280090332032,0.021507454694702288,55.279818702750944,-1.5272741286499922,-0.8095437638545774
2025-05-29,199.15989685058594,199.9499969482422,203.80999755859375,198.50999450683594,203.5800018310547,51396800,-0.0023450814539321962,204.10199966430665,205.68800079345704,0.021414300128582937,53.17664426187128,-1.6663070201054495,-0.9808964151047519
2025-05-30,200.0563507080078,200.85000610351562,201.9600067138672,196.77999877929688,199.3699951171875,70819900,0.0045011711378339925,203.47849960327147,205.40020080566407,0.021425328587798,53.00674978187597,-1.684451067746977,-1.121607345633197
2025-06-02,200.90298461914062,201.6999969482422,202.1300048828125,200.1199951171875,200.27999877929688,35423300,0.0042319682295079986,203.2959991455078,205.15220062255858,0.019854194561768092,33.271987384112876,-1.611664928653198,-1.2196188622371973
2025-06-03,202.46676635742188,203.27000427246094,203.77000427246094,200.9600067138672,201.35000610351562,46381600,0.0077838738124602624,203.51499938964844,204.8522006225586,0.01855209526643634,31.842120811790807,-1.4110294498967164,-1.2579009797691012
2025-06-04,202.0185546875,202.82000732421875,206.24000549316406,202.10000610351562,202.91000366210938,43604000,-0.00221378923984783,203.7305000305176,204.49400085449219,0.018554937322827602,32.02269261987958,-1.2736534957461743,-1.2610514829645159
2025-06-05,199.83721923828125,200.6300048828125,204.75,200.14999389648438,203.5,55126100,-0.010797763348392997,203.9495002746582,204.03160095214844,0.018534376872795112,30.511537812507044,-1.3262092421421698,-1.2740830348000467
2025-06-06,203.11419677734375,203.9199981689453,205.6999969482422,202.0500030517578,203.0,46607700,0.0163983113495636,204.27099990844727,203.67940093994142,0.018813981693565733,38.107582919641615,-1.0898222942179814,-1.2372308866836337
2025-06-09,200.6539764404297,201.4499969482422,206.0,200.02000427246094,204.38999938964844,72862600,-0.012112599268742419,204.41699981689453,203.23140075683594,0.01904385076205887,38.11992867688701,-1.0892363521201673,-1.2076319797709405
2025-06-10,201.86912536621094,202.6699981689453,204.35000610351562,200.57000732421875,200.60000610351562,54672600,0.0060560994747325125,204.01100006103516,202.92680084228516,0.012688386782051864,43.05140416314507,-0.9790422960943204,-1.1619140430356165
2025-06-11,197.9945068359375,198.77999877929688,204.5,198.41000366210938,203.5,60989900,-0.019193760422328232,203.30350036621093,202.45980072021484,0.01291778777783309,44.3457485463222,-1.1918640861759968,-1.1679040516636927
2025-06-12,198.41285705566406,199.1999969482422,199.67999267578125,197.36000061035156,199.0800018310547,43904600,0.002112879422097258,202.64700012207032,201.98000061035157,0.012975457691426124,46.27071080897951,-1.3115181807552005,-1.1966268774819944
2025-06-13,195.67372131347656,196.4499969482422,200.3699951171875,195.6999969482422,199.72999572753906,51447300,-0.013805221095031128,201.89700012207032,201.43120056152344,0.013194118504266909,52.3028745134101,-1.6096914094909778,-1.279239783883791
2025-06-16,197.6359405517578,198.4199981689453,198.69000244140625,196.55999755859375,197.3000030517578,43020700,0.010028003315378786,201.25500030517577,201.3358004760742,0.01353325775003949,46.04854519364858,-1.6678077573105838,-1.3569533785691497
2025-06-17,194.86691284179688,195.63999938964844,198.38999938964844,195.2100067138672,197.1999969482422,38856200,-0.014010678383989505,200.59800033569337,201.48100036621094,0.013619341201205322,40.52339701043914,-1.916100436630984,-1.4687827901815167
2025-06-18,195.80319213867188,196.5800018310547,197.57000732421875,195.07000732421875,195.94000244140625,45394700,0.004804755900321256,200.08400039672853,201.7834002685547,0.013652348525609955,43.44103776386596,-2.0138098859393097,-1.5777882093330753
2025-06-20,200.2057342529297,201.0,201.6999969482422,196.86000061035156,198.24000549316406,96813500,0.022484475164182616,200.02950057983398,202.3550003051758,0.013832116856300895,50.256751010548996,-1.7148210263540022,-1.6051947727372606
2025-06-23,200.7037811279297,201.5,202.3000030517578,198.9600067138672,201.6300048828125,55814300,0.0024875621890547706,200.0365005493164,202.40800018310546,0.013819682552153802,49.65350494800327,-1.4211423354953752,-1.5683842852888836
2025-06-24,199.50851440429688,200.3000030517578,203.44000244140625,200.1999969482422,202.58999633789062,54064000,-0.005955319842392948,200.28800048828126,202.6056002807617,0.011951291656524168,44.78764085864861,-1.270583091115526,-1.5088240464542122
2025-06-25,200.76353454589844,201.55999755859375,203.6699981689453,200.6199951171875,201.4499969482422,39525700,0.0062905366332437485,200.3555000305176,202.6738003540039,0.010628363415031842,47.84981179083056,-1.0376316074678869,-1.4145855586569474
2025-06-26,200.2057342529297,201.0,202.63999938964844,199.4600067138672,201.42999267578125,50799100,-0.002778316954637594,200.3845001220703,202.6434002685547,0.01065030184396557,50.66858573492595,-0.8879670695979485,-1.3092618608451478
2025-06-27,200.28543090820312,201.0800018310547,203.22000122070312,200.0,201.88999938964844,73188600,0.00039801905997349785,200.44100036621094,202.6222003173828,0.01063347302498467,44.194608892021876,-0.7542073332385542,-1.1982509553238292
2025-06-30,204.35926818847656,205.1699981689453,207.38999938964844,199.25999450683594,202.00999450683594,91912800,0.020340144721736175,200.65699996948243,202.8402001953125,0.011513454909287632,57.1319078527807,-0.3145473494985822,-1.0215102341587798
2025-07-01,206.99879455566406,207.82000732421875,210.19000244140625,206.13999938964844,206.6699981689453,78788900,0.012916163079025322,200.96300048828124,203.0570004272461,0.011796962228719236,59.360251151620034,0.2448969276357218,-0.7682288017998796
2025-07-02,211.6005401611328,212.44000244140625,213.33999633789062,208.13999938964844,208.91000366210938,67941800,0.022230752354752248,201.4215003967285,203.44260040283203,0.012612144531765282,74.18556725540542,1.048963741831301,-0.40479029307364356
2025-07-03,212.70616149902344,213.5500030517578,214.64999389648438,211.80999755859375,212.14999389648438,34955800,0.005225007520218483,201.95800018310547,203.71880035400392,0.012582172114820399,74.8012612107032,1.7555236735301776,0.02727250024712069
2025-07-07,209.120361328125,209.9499969482422,216.22999572753906,208.8000030517578,212.67999267578125,50229000,-0.016857907057220234,202.42399978637695,203.82580017089845,0.012989595078044973,72.66621986798944,2.001910327731423,0.42220006574398117
2025-07-08,209.18014526367188,210.00999450683594,211.42999267578125,208.4499969482422,210.10000610351562,42848900,0.00028577070476720756,202.72849960327147,203.85860015869142,0.012565370609333666,70.79296442133756,2.1769206417913267,0.7731441809534503
2025-07-09,210.30567932128906,211.13999938964844,211.3300018310547,207.22000122070312,209.52999877929688,48749400,0.005380719548448543,203.2129997253418,203.89580017089844,0.012167002481976105,79.55758825015101,2.379371611928235,1.0943896671484072
2025-07-10,211.57064819335938,212.41000366210938,213.47999572753906,210.02999877929688,210.50999450683594,44443600,0.0060149866256142825,203.7,203.94120025634766,0.01216635963073768,79.81167610450919,2.612182580500445,1.397948249818815
2025-07-11,210.32559204101562,211.16000366210938,212.1300048828125,209.86000061035156,210.57000732421875,39765800,-0.005884845244805148,204.31900024414062,203.9402001953125,0.011251543005951256,71.72797592009564,2.6651007743334105,1.6513787547217342
2025-07-14,207.79562377929688,208.6199951171875,210.91000366210938,207.5399932861328,209.92999267578125,38840100,-0.012028833590031152,204.79000015258788,203.86260009765624,0.011749224642142118,64.00470369031999,2.473567614643713,1.8158165267061301
2025-07-15,208.28370666503906,209.11000061035156,211.88999938964844,208.9199981689453,209.22000122070312,42296300,0.0023487944810314243,205.42300033569336,203.77839996337892,0.011116343072376312,67.82676998090646,2.334405974858356,1.9195344163365755
2025-07-16,209.32955932617188,210.16000366210938,212.39999389648438,208.63999938964844,210.3000030517578,47490500,0.005021295245053015,206.01000061035157,203.87459991455077,0.011010020365935588,67.55101100250742,2.282534210211111,1.9921343751114828
2025-07-17,209.19009399414062,210.02000427246094,211.8000030517578,209.58999633789062,210.57000732421875,48068100,-0.0006661562010320532,206.7290008544922,204.09720001220703,0.010311162729050326,68.72921959129566,2.20471411041342,2.03465032217187
2025-07-18,210.3455047607422,211.17999267578125,211.7899932861328,209.6999969482422,210.8699951171875,48974600,0.005523228167424676,207.45900039672853,204.35059997558594,0.010316820401264448,70.07150884202495,2.211153687071402,2.0699509951517765
2025-07-21,211.64036560058594,212.47999572753906,215.77999877929688,211.6300048828125,212.10000610351562,51377400,0.006155900638530998,208.03300018310546,204.67519989013672,0.009347513634115907,66.33882248939662,2.2947045539713145,2.1149017069156844
2025-07-22,213.55279541015625,214.39999389648438,214.9499969482422,212.22999572753906,213.13999938964844,46404100,0.00903613614246912,208.6779998779297,205.01339965820313,0.009449307262758815,65.20328585530955,2.487176402723634,2.1893566460772744
2025-07-23,213.3037872314453,214.14999389648438,215.14999389648438,212.41000366210938,215.0,46989300,-0.0011660448093142595,209.37049942016603,205.32579956054687,0.009265314952090575,54.950751364188974,2.589686524649551,2.2694226217917297
2025-07-24,212.91529846191406,213.75999450683594,215.69000244140625,213.52999877929688,213.89999389648438,46022600,-0.0018211505989440546,209.98049926757812,205.38519958496093,0.009309068254652995,50.634414570237375,2.6093775631705114,2.337413610067486
2025-07-25,213.03485107421875,213.8800048828125,215.24000549316406,213.39999389648438,214.6999969482422,40268800,0.0005614258002459849,210.62449951171874,205.40419982910157,0.009229886452876609,65.0344343692247,2.604641995842684,2.3908592872225256
2025-07-28,213.20419311523438,214.0500030517578,214.85000610351562,213.05999755859375,214.02999877929688,37858000,0.0007948296477664485,211.27299957275392,205.43859985351563,0.009224082604793267,65.32625734284517,2.584810371147398,2.4296495040075
2025-07-29,210.43516540527344,211.27000427246094,214.80999755859375,210.82000732421875,214.17999267578125,51411700,-0.012987613826964783,211.5779998779297,205.435,0.008965847451592951,50.4383166992489,2.3180499606171736,2.407329595329435
2025-07-30,208.2239227294922,209.0500030517578,212.38999938964844,207.72000122070312,211.89999389648438,45512500,-0.010507886476113892,211.63949966430664,205.39080017089844,0.008926487476736482,39.35361970451352,1.9055390007369226,2.3069714764109324
2025-07-31,206.74978637695312,207.57000732421875,209.83999633789062,207.16000366210938,208.49000549316406,80698400,-0.007079625476841711,211.39599990844727,205.36660034179687,0.007421296799511231,38.78827561492597,1.4425687718448614,2.1340909354977184
2025-08-01,201.58030700683594,202.3800048828125,213.5800018310547,201.5,210.8699951171875,104434500,-0.025003624118486445,210.8375,205.2770004272461,0.008974101575100592,33.279772213963184,0.6493859901010808,1.8371499464183911
2025-08-04,202.5464630126953,203.35000610351562,207.8800048828125,201.67999267578125,204.50999450683594,75109300,0.004792969647692269,210.50750045776368,205.3022006225586,0.008460409729546347,34.95299192655372,0.0979250933482092,1.4893049758043548
2025-08-05,202.11814880371094,202.9199981689453,205.33999633789062,202.16000366210938,203.39999389648438,44155100,-0.002114619727876521,210.15300064086915,205.33340057373047,0.008449844682576986,30.45355339380272,-0.3695497475304421,1.1175340311373956
2025-08-06,212.4073486328125,213.25,215.3800048828125,205.58999633789062,205.6300048828125,108483100,0.05090677076812433,210.2585006713867,205.69300048828126,0.014452496338828695,55.62520893800235,0.0924521585037894,0.9125176566106744
2025-08-07,219.16053771972656,220.02999877929688,220.85000610351562,216.5800018310547,218.8800048828125,90224800,0.03179366367782821,210.6395004272461,206.08940032958984,0.016025279671458746,62.88960340502397,0.9942204814260833,0.9288582215737563
2025-08-08,228.4437255859375,229.35000610351562,231.0,219.25,220.8300018310547,113854000,0.04235789381413979,211.54900054931642,206.66800048828125,0.018268208214073427,69.91735757539946,2.4328803445487495,1.229662646168755
2025-08-11,226.53909301757812,227.17999267578125,229.55999755859375,224.75999450683594,227.9199981689453,61806100,-0.009461579986856261,212.47700042724608,207.21260040283204,0.018156140256124054,64.99998567251086,3.3592038915685976,1.6555708952487236
2025-08-12,229.0021209716797,229.64999389648438,230.8000030517578,227.07000732421875,228.00999450683594,55626200,0.010872441677679756,213.50400009155274,207.7886001586914,0.018204832380974607,67.2913731741046,4.243711566907308,2.1731990295804406
2025-08-13,232.6717529296875,233.3300018310547,235.0,230.42999267578125,231.07000732421875,69878500,0.01602441991019199,214.6625,208.42120025634765,0.018375725287558698,70.33879490253541,5.1819024119741925,2.7749397060591914
2025-08-14,232.123291015625,232.77999877929688,235.1199951171875,230.85000610351562,234.05999755859375,51916300,-0.0023571895917441354,215.8004997253418,209.01140014648436,0.018408969496894446,69.4684576501358,5.814024313103175,3.3827566274679883
2025-08-15,230.9366455078125,231.58999633789062,234.27999877929688,229.33999633789062,234.0,56038700,-0.005112133549474374,216.82099990844728,209.5867999267578,0.01855569262616944,67.69570011025358,6.148090857828777,3.9358234735401467
2025-08-18,230.23863220214844,230.88999938964844,233.1199951171875,230.11000061035156,231.6999969482422,37476200,-0.0030225698834628334,217.74150009155272,210.19199981689454,0.01863332276492514,70.6613078840436,6.283919979815778,4.405442774795273
2025-08-19,229.90956115722656,230.55999755859375,232.8699951171875,229.35000610351562,231.27999877929688,39402600,-0.001429259958971918,218.54950027465821,210.7247998046875,0.01864101437588154,73.5906718981829,6.292402251489932,4.782834670134205
2025-08-20,225.3723907470703,226.00999450683594,230.47000122070312,225.77000427246094,229.97999572753906,42263900,-0.019734572779050663,219.1425003051758,211.21599975585937,0.019350387285221624,68.94776864739094,5.864376411761214,4.999143018459607
2025-08-21,224.26553344726562,224.89999389648438,226.52000427246094,223.77999877929688,226.27000427246094,30621200,-0.004911289931109564,219.6995002746582,211.66059967041016,0.019402114420410684,75.25792391697968,5.373650973976908,5.074044609563067
2025-08-22,227.11746215820312,227.75999450683594,229.08999633789062,225.41000366210938,226.1699981689453,42477800,0.012716766064777785,220.39349975585938,212.24019958496095,0.01952098525752536,76.26421746986745,5.156089486236908,5.090453584897836
2025-08-25,226.51914978027344,227.16000366210938,229.3000030517578,226.22999572753906,226.47999572753906,30983100,-0.0026343118159346535,221.04899978637695,212.7993997192383,0.019559417016534065,75.98626709864978,4.879013957103581,5.048165659338985
2025-08-26,228.6630859375,229.30999755859375,229.49000549316406,224.69000244140625,226.8699951171875,54575100,0.009464667467088184,221.95099945068358,213.45659973144532,0.01922559744387546,70.87882005113238,4.77784017579728,4.994100562630645
2025-08-27,229.8397674560547,230.49000549316406,230.89999389648438,228.25999450683594,228.61000061035156,31259500,0.00514590705653295,223.02299957275392,214.09799987792968,0.018907984459646626,65.91600244251839,4.7382563342176525,4.9429317169480464
2025-08-28,231.9039306640625,232.55999755859375,233.41000366210938,229.33999633789062,230.82000732421875,38074700,0.008980832210059075,224.27249908447266,214.8363998413086,0.018705202635979593,56.26706260449076,4.818373701912122,4.918020113940862
2025-08-29,231.485107421875,232.13999938964844,233.3800048828125,231.3699951171875,232.50999450683594,39418400,-0.00180597769760249,225.76049880981446,215.54759979248047,0.01736137650020475,60.393978598046026,4.792729350282087,4.8929619612091075
2025-09-02,229.0719451904297,229.72000122070312,230.85000610351562,226.97000122070312,229.25,44075600,-0.010424735828844955,227.07899856567383,216.12199981689454,0.017792401583636982,50.14701245568479,4.524971336521844,4.8193638362716555
2025-09-03,237.79725646972656,238.47000122070312,238.85000610351562,234.36000061035156,237.2100067138672,66427800,0.038089848308826335,228.85649871826172,216.86139984130858,0.019024616931999118,58.898894107241645,4.961628489997167,4.847816767016758
2025-09-04,239.10354614257812,239.77999877929688,239.89999389648438,236.74000549316406,238.4499969482422,47549400,0.005493343195739575,230.18299865722656,217.65099975585937,0.016163233438180616,61.80837339368211,5.351697250357148,4.948592863684835
2025-09-05,239.0137939453125,239.69000244140625,241.32000732421875,238.49000549316406,240.0,54870400,-0.00037532879451496193,231.16599884033204,218.41359985351562,0.01502189667663207,64.19063128877522,5.58913948009112,5.076702186966092
2025-09-08,237.2089080810547,237.8800048828125,240.14999389648438,236.33999633789062,239.3000030517578,48999500,-0.007551410322323426,231.59249877929688,219.15119995117186,0.012278275107895517,61.78753883531869,5.567088550221769,5.174779459617228
2025-09-09,233.68887329101562,234.35000610351562,238.77999877929688,233.36000061035156,237.0,66313900,-0.014839409394815983,231.95099945068358,219.81660003662108,0.012594952510847785,55.768662650915815,5.204774231887683,5.18077841407132
2025-09-10,226.1501922607422,226.7899932861328,232.4199981689453,225.9499969482422,232.19000244140625,83440800,-0.03225949486019408,231.80799942016603,220.24899993896486,0.014480545401396526,51.08756148622197,4.258518125459915,4.996326356349039
2025-09-11,229.3810577392578,230.02999877929688,230.4499969482422,226.64999389648438,226.8800048828125,50208600,0.014286368839370622,231.64299926757812,220.6931997680664,0.014380858497366244,56.751784945407344,3.727081236682494,4.74247733241573
2025-09-12,233.40966796875,234.07000732421875,234.50999450683594,229.02000427246094,229.22000122070312,55824200,0.017562963814985233,231.7074996948242,221.12579986572266,0.014933000037387541,58.05465038594961,3.590519327557928,4.51208573144417
2025-09-15,236.0322265625,236.6999969482422,238.19000244140625,235.02999877929688,237.0,42699500,0.011235910376080627,231.9629997253418,221.58879974365234,0.015063294393531095,61.57766261259376,3.6524085217264997,4.340150289500636
2025-09-16,237.4781494140625,238.14999389648438,241.22000122070312,236.32000732421875,237.17999267578125,63421100,0.0061258849469238985,232.32599945068358,222.1527996826172,0.01506724263107639,60.91357572579089,3.7749435897043497,4.227108949541379
2025-09-17,238.3157958984375,238.99000549316406,240.10000610351562,237.72999572753906,238.97000122070312,46508000,0.0035272375318422533,232.74749984741212,222.73239990234376,0.015054567918938458,60.58266835769698,3.8949370200238036,4.160674563637865
2025-09-18,237.2089080810547,237.8800048828125,241.1999969482422,236.64999389648438,239.97000122070312,44249600,-0.0046445482440198305,233.34100036621095,223.26720001220704,0.014270710864637649,56.78572151473017,3.856015162952332,4.099742683500758
2025-09-19,244.8074188232422,245.5,246.3000030517578,240.2100067138672,241.22999572753906,163741300,0.03203293660995743,234.37100067138672,223.92899993896484,0.01557101515267061,64.39654954123341,4.389440496099866,4.157682246020579
2025-09-22,255.35755920410156,256.0799865722656,256.6400146484375,248.1199951171875,248.3000030517578,105517400,0.04309566831880085,235.7870002746582,224.82739959716798,0.017744165906502414,74.15687915239884,5.601331745828105,4.446412145982085
2025-09-23,253.71221923828125,254.42999267578125,257.3399963378906,253.5800018310547,255.8800048828125,60275200,-0.006443275472520216,237.1504997253418,225.74359954833983,0.017862050733777314,66.8141533170993,6.355362907054285,4.828202298196525
2025-09-24,251.59820556640625,252.30999755859375,255.74000549316406,251.0399932861328,255.22000122070312,42303700,-0.008332331793480807,238.3004997253418,226.6075994873047,0.018113242856116676,62.97907772026622,6.70458585414184,5.203479009385589
2025-09-25,256.14532470703125,256.8699951171875,257.1700134277344,251.7100067138672,253.2100067138672,55202100,0.018072995928489766,239.61949920654297,227.54179931640624,0.01834988842363931,66.28744392958157,7.26554852842429,5.6158929131933295
2025-09-26,254.73931884765625,255.4600067138672,257.6000061035156,253.77999877929688,254.10000610351562,46076300,-0.005489112898051984,240.76449966430664,228.45059936523438,0.01849391008163057,66.79404679616331,7.509773217942808,5.9946689741432255
2025-09-29,253.71221923828125,254.42999267578125,255.0,253.00999450683594,254.55999755859375,40127700,-0.004031997224675621,241.87899932861328,229.31559936523436,0.018542822638890663,70.14445028861279,7.533369524721763,6.302409084258933
2025-09-30,253.9116668701172,254.6300048828125,255.9199981689453,253.11000061035156,254.86000061035156,37704300,0.0007861188255666729,243.12449951171874,230.15859954833985,0.01822649503356165,82.76837852720342,7.481961684443121,6.53831960429577
2025-10-01,254.72933959960938,255.4499969482422,258.7900085449219,254.92999267578125,255.0399932861328,48713900,0.003220327729275496,243.9734992980957,230.979599609375,0.016513866317119277,81.7274206197905,7.421832838339554,6.715022251104527
2025-10-02,256.40460205078125,257.1300048828125,258.17999267578125,254.14999389648438,256.5799865722656,42630200,0.00657666061710982,244.84099960327148,231.83919982910157,0.0165222689001773,80.58356599287815,7.424161778898281,6.8568501566632785
2025-10-03,257.2920837402344,258.0199890136719,259.239990234375,253.9499969482422,254.6699981689453,49155600,0.0034612223931820285,245.75749893188475,232.72439971923828,0.016495595442682243,79.6440575336502,7.412376500271847,6.967955425384993
2025-10-06,255.96583557128906,256.69000244140625,259.07000732421875,255.0500030517578,257.989990234375,44664100,-0.005154587353288997,246.69799880981446,233.58059967041015,0.016417156405647997,75.86499194485033,7.212575697859336,7.0168794798798615
2025-10-07,255.75645446777344,256.4800109863281,257.3999938964844,255.42999267578125,256.80999755859375,31955800,-0.0008180741481198517,247.80449905395508,234.42919982910155,0.015863057535191752,74.83674023919197,6.957090557696745,7.0049216954432385
2025-10-08,257.3320007324219,258.05999755859375,258.5199890136719,256.1099853515625,256.5199890136719,36496900,0.006160271773966164,249.3679992675781,235.3649996948242,0.013274407702984927,78.27919189845701,6.803679868944442,6.96467333014348
2025-10-09,253.32330322265625,254.0399932861328,258.0,253.13999938964844,257.80999755859375,38322000,-0.015577789314472068,250.56849899291993,236.26479949951172,0.014018542506456672,63.31048791590146,6.285267394552534,6.828792143025291
2025-10-10,244.57806396484375,245.27000427246094,256.3800048828125,244.0,254.94000244140625,61999100,-0.034522080166306646,251.12849884033204,237.01879943847655,0.016237566330340243,32.14403275378055,5.107876532960489,6.484609021012331
2025-10-13,246.96133422851562,247.66000366210938,249.69000244140625,245.55999755859375,249.3800048828125,38142900,0.009744360696440912,251.6764991760254,237.9243994140625,0.016198536101927702,39.08416606471194,4.317865108004668,6.0512602384108
2025-10-14,247.07101440429688,247.77000427246094,248.85000610351562,244.6999969482422,246.60000610351562,35478000,0.0004441597703503941,252.15749969482422,238.8127993774414,0.01617937035718895,42.17241301292633,3.658478825369258,5.572703955802492
2025-10-15,248.63658142089844,249.33999633789062,251.82000732421875,247.47000122070312,249.49000549316406,33893600,0.0063364896410271765,252.67499923706055,239.74119934082032,0.01620453856941523,35.52477196835834,3.225415106867331,5.10324618601546
2025-10-16,246.75192260742188,247.4499969482422,249.0399932861328,245.1300048828125,248.25,39777000,-0.007580008893106838,253.15349884033202,240.42519927978515,0.01628333588817354,34.881045778740884,2.6985941213241063,4.62231577307719
2025-10-17,251.5782470703125,252.2899932861328,253.3800048828125,247.27000427246094,248.02000427246094,49147000,0.019559492412937862,253.49299850463868,241.07039916992187,0.01528474447168508,46.468641114105246,2.6411860015271316,4.2260898187671785
2025-10-20,261.50018310546875,262.239990234375,264.3800048828125,255.6300048828125,255.88999938964844,90483000,0.03943873008454002,253.80099868774414,241.72819885253907,0.014773988665820257,59.50062330648086,3.359841094406079,4.052840073894958
2025-10-21,262.0286560058594,262.7699890136719,265.2900085449219,261.8299865722656,261.8800048828125,46695900,0.002021044840732289,254.21799850463867,242.43999877929687,0.014661530524788607,59.205236812888025,3.926880273848809,4.0276481138857285
2025-10-22,257.72088623046875,258.45001220703125,262.8500061035156,255.42999267578125,262.6499938964844,45015300,-0.016440145325788524,254.52499923706054,243.0159991455078,0.015060641540400368,51.55661599585421,3.981777432439742,4.018473977596532
2025-10-23,258.84765625,259.5799865722656,260.6199951171875,258.010009765625,259.94000244140625,32754900,0.004372119604812541,254.66049880981444,243.54099884033204,0.01456137547979163,51.82927003830452,4.0695520509847825,4.0286895922741826
2025-10-24,262.0785827636719,262.82000732421875,264.1300048828125,259.17999267578125,261.19000244140625,38253700,0.012481781799657865,255.02849884033202,244.14179901123046,0.01471783694446717,56.879927004299184,4.350407871356964,4.093033248090739
2025-10-27,268.0516662597656,268.80999755859375,269.1199951171875,264.6499938964844,264.8800048828125,44888200,0.02279122619072771,255.74749908447265,244.88619903564452,0.015391618367650312,62.249160356073304,4.998708286398028,4.274168255752198
2025-10-28,268.2411193847656,269.0,269.8900146484375,268.1499938964844,268.989990234375,41534800,0.0007068280314419528,256.465998840332,245.64839904785157,0.015392192243173003,61.17696724500893,5.464827515315648,4.512300107664887
2025-10-29,268.93914794921875,269.70001220703125,271.4100036621094,267.1099853515625,269.2799987792969,51086700,0.0026022758625696696,257.17849960327146,246.4311993408203,0.01539205349798225,67.1635645667914,5.823584836363949,4.7745570534047
2025-10-30,270.63433837890625,271.3999938964844,274.1400146484375,268.4800109863281,271.989990234375,69886500,0.006303231785351748,257.8919990539551,247.33899932861328,0.01538867175740006,83.89108810172858,6.173907945331223,5.0544272317900045
2025-10-31,269.6072692871094,270.3699951171875,277.32000732421875,269.1600036621094,276.989990234375,86167100,-0.0037951319176879883,258.50949935913087,248.24839935302734,0.015458056705862639,80.53243779951421,6.295854547508895,5.302712694933783
2025-11-03,268.29095458984375,269.04998779296875,270.8500061035156,266.25,270.4200134277344,50194600,-0.0048822256465500535,259.127498626709,249.07419921875,0.015451119665759658,77.7083493107111,6.214349397453873,5.485040035437802
2025-11-04,269.2781982421875,270.0400085449219,271.489990234375,267.6199951171875,268.3299865722656,49274800,0.003679690752169673,259.80549850463865,249.93179931640626,0.01543350651327741,77.36650568674679,6.1586493040058485,5.619761889151411
2025-11-05,269.3779296875,270.1400146484375,271.70001220703125,266.92999267578125,268.6099853515625,43683100,0.00037033809935982376,260.40949935913085,250.7483996582031,0.015419326361312236,81.48768814629132,6.05280328686689,5.706370168694507
2025-11-06,269.0089416503906,269.7699890136719,273.3999938964844,267.8900146484375,267.8900146484375,51204000,-0.001369754996301431,261.1959991455078,251.53399932861328,0.014864646047689686,77.69326462046195,5.871379965971926,5.7393721281499905
2025-11-07,267.7126159667969,268.4700012207031,272.2900085449219,266.7699890136719,269.79998779296875,48227400,-0.004818874767062664,262.3559989929199,252.25219940185548,0.012140819581301355,63.5967044750671,5.558626144567029,5.703222931433398
2025-11-10,268.93035888671875,269.42999267578125,273.7300109863281,267.4599914550781,268.9599914550781,41312400,0.003575786682732396,263.4444984436035,252.99799926757814,0.012081415262333072,64.26736226881363,5.326825447352178,5.627943434617154
2025-11-11,274.73956298828125,275.25,275.9100036621094,269.79998779296875,269.80999755859375,46208300,0.021601185771556786,264.8184982299805,253.90859924316408,0.01264029315781998,83.81636398929675,5.548784739530561,5.612111695599836
2025-11-12,272.9628601074219,273.4700012207031,275.7300109863281,271.70001220703125,275.0,48398000,-0.006466843884820661,266.0249984741211,254.60859924316406,0.012908937720623714,77.24595274753429,5.517456251127726,5.593180606705414
2025-11-13,272.44384765625,272.95001220703125,276.70001220703125,272.0899963378906,274.1099853515625,49602800,-0.0019014480979659965,267.29999923706055,255.27199951171875,0.012684958730830906,72.24417258164819,5.388553539737131,5.552255193311758
2025-11-14,271.9048156738281,272.4100036621094,275.9599914550781,269.6000061035156,271.04998779296875,47431300,-0.0019784155368063328,268.3059997558594,255.9263995361328,0.012291231653821644,60.39260461321874,5.183075764668274,5.478419307583062
2025-11-17,266.9639892578125,267.4599914550781,270.489990234375,265.7300109863281,268.82000732421875,45018300,-0.018171183658773127,268.5669998168945,256.51799926757815,0.010079375995812158,46.512669328656195,4.568149744726782,5.296365395011806
2025-11-18,266.9440612792969,267.44000244140625,270.7099914550781,265.32000732421875,269.989990234375,45677300,-7.473646268785217e-05,268.8005004882813,257.17979919433594,0.010079469295353907,44.71960937544564,4.032716847730626,5.04363568555557
2025-11-19,268.06195068359375,268.55999755859375,272.2099914550781,265.5,265.5299987792969,40424500,0.004187836924032684,269.3059997558594,258.0151992797852,0.009227999964686677,43.179656157518494,3.656605591936909,4.766229666831838
2025-11-20,265.7562561035156,266.25,275.42999267578125,265.9200134277344,270.8299865722656,45823600,-0.008601420835542606,269.6395004272461,258.7395993041992,0.009501498749917625,40.678759524644626,3.135987502615933,4.440181233988657
2025-11-21,270.98651123046875,271.489990234375,273.3299865722656,265.6700134277344,265.95001220703125,59030800,0.019680714495305063,270.07299957275393,259.48799896240234,0.010066477462052428,54.6887021711798,3.110363006857426,4.174217588562411
2025-11-24,275.4083251953125,275.9200134277344,277.0,270.8999938964844,270.8999938964844,65585800,0.0163174457722548,270.4285003662109,260.2723992919922,0.009435980077240017,59.97963424513076,3.408233266267814,4.021020724103492
2025-11-25,276.4563903808594,276.9700012207031,280.3800048828125,275.25,275.2699890136719,46914200,0.003805406428931457,270.8270004272461,261.0487994384766,0.009450320863559911,61.229835168970624,3.6865268459712865,3.9541219484770513
2025-11-26,277.0352783203125,277.54998779296875,279.5299987792969,276.6300048828125,276.9599914550781,33431400,0.0020940411225383038,271.219499206543,261.81999908447267,0.009447892909478077,62.70412765172845,3.908818159526845,3.9450611906870106
2025-11-28,278.3328857421875,278.8500061035156,279.0,275.989990234375,277.260009765625,20135600,0.004683906927485104,271.59199981689454,262.6393991088867,0.009411230942613778,66.94971675058504,4.1421382486578295,3.9844766022811746
2025-12-01,282.57501220703125,283.1000061035156,283.4200134277344,276.1400146484375,278.010009765625,46587700,0.015241168753721723,272.22850036621094,263.391399230957,0.009812572057956107,70.1563137001502,4.616766372636164,4.110934556352173
2025-12-02,285.6592712402344,286.19000244140625,287.3999938964844,282.6300048828125,283.0,53669500,0.010914857899228636,273.0855010986328,263.99359954833983,0.00983565587646362,67.54330502120962,5.182508726096103,4.325249390300959
2025-12-03,283.623046875,284.1499938964844,288.6199951171875,283.29998779296875,286.20001220703125,43538700,-0.00712816145749029,273.79100036621094,264.5879995727539,0.010097766943692035,66.98471985758465,5.403958506834783,4.540991213607724
2025-12-04,280.179443359375,280.70001220703125,284.7300109863281,278.5899963378906,284.1000061035156,43989100,-0.012141410394363561,274.3190002441406,265.15579986572266,0.0106172548491193,61.27436878238664,5.240663260028839,4.680925622891948
2025-12-05,278.26300048828125,278.7799987792969,281.1400146484375,278.04998779296875,280.5400085449219,47265800,-0.00684009028940924,274.7695007324219,265.5939999389648,0.010777146424160562,58.90908407998252,4.899839266045035,4.724708351522565
2025-12-08,277.3746643066406,277.8900146484375,279.6700134277344,276.1499938964844,278.1300048828125,38211800,-0.00319242461710445,275.2405014038086,266.04260009765625,0.010731414608195903,66.4563465351588,4.505977411133983,4.68096216344485
2025-12-09,276.66595458984375,277.17999267578125,280.0299987792969,276.9200134277344,278.1600036621094,32193300,-0.002555046727945598,275.6280014038086,266.49760009765623,0.010764938617716527,65.04013089192745,4.089406086406143,4.562650948037109
2025-12-10,278.26300048828125,278.7799987792969,279.75,276.44000244140625,277.75,33038300,0.00577244442526248,275.80450134277345,266.98059997558596,0.009740399917979215,65.55081601512691,3.844065437553354,4.418933845940359
2025-12-11,277.514404296875,278.0299987792969,279.5899963378906,273.80999755859375,279.1000061035156,33248000,-0.0026902934331158868,276.0325012207031,267.43220001220703,0.009630497582922169,68.81787841530988,3.548210907112491,4.2447892581747855
2025-12-12,277.7639465332031,278.2799987792969,279.2200012207031,276.82000732421875,277.8999938964844,39532900,0.0008991835452922814,276.2990005493164,267.8551998901367,0.009608396671735357,62.90384131340278,3.295923615090601,4.0550161295579485
2025-12-15,273.6016540527344,274.1099853515625,280.1499938964844,272.8399963378906,280.1499938964844,50409100,-0.014984955605960026,276.3839996337891,268.1769998168945,0.010240746539244085,46.52586026122091,2.7280516044269802,3.789623224531755
2025-12-16,274.1007385253906,274.6099853515625,275.5,271.7900085449219,272.82000732421875,37648600,0.0018240853187405648,276.74149932861326,268.5353994750977,0.009265949508093391,45.37252344166063,2.2919347686714104,3.4900855333596863
2025-12-17,271.33587646484375,271.8399963378906,276.1600036621094,271.6400146484375,275.010009765625,50138700,-0.010086993049891024,276.9614990234375,268.8425991821289,0.009611599542893494,39.68944626476971,1.7031610897817018,3.1327006446440895
2025-12-18,271.68524169921875,272.19000244140625,273.6300048828125,266.95001220703125,273.6099853515625,51630700,0.001287544541755281,277.14299926757815,269.12519927978514,0.00958057757365158,37.546749264166294,1.250382642045622,2.756237044124396
2025-12-19,273.1625061035156,273.6700134277344,274.6000061035156,269.8999938964844,272.1499938964844,144632000,0.005437418615868328,277.51399993896484,269.5177996826172,0.00937413280770484,30.329619963078486,0.9994558725914544,2.404880809817808
2025-12-22,270.4674987792969,270.9700012207031,273.8800048828125,270.510009765625,272.8599853515625,36571800,-0.009865941003960987,277.4880004882813,270.031799621582,0.008644136373728859,17.726949762576822,0.5760854256195671,2.0391217329781597
2025-12-23,271.85491943359375,272.3599853515625,272.5,269.55999755859375,270.8399963378906,29642000,0.005129660569795913,277.3099990844727,270.5257992553711,0.007854417322194905,24.29132878431561,0.3487017818711706,1.7010377427567618
2025-12-24,273.3022155761719,273.80999755859375,275.42999267578125,272.20001220703125,272.3399963378906,17910600,0.005323881205087977,277.15199890136716,271.0465991210938,0.007906609836486856,33.54037991589826,0.2822488834056003,1.4172799708865296
2025-12-26,272.8929748535156,273.3999938964844,275.3699951171875,272.8599853515625,274.1600036621094,21521800,-0.0014974020881820538,276.94449920654296,271.5277990722656,0.007884297944269068,36.14831949411963,0.19426129038362205,1.172676234785948
2025-12-29,273.2523498535156,273.760009765625,274.3599853515625,272.3500061035156,272.69000244140625,23715200,0.0013168100847762432,276.68999938964845,272.05399932861326,0.00779823650260848,39.0683209744907,0.15183055275787183,0.9685070983803329
2025-12-30,272.5735778808594,273.0799865722656,274.0799865722656,272.2799987792969,272.80999755859375,22139600,-0.0024840121606569676,276.1889984130859,272.46979919433596,0.00681326612835169,39.13046292355912,0.06260997021604453,0.7873276727474752
2025-12-31,271.3558349609375,271.8599853515625,273.67999267578125,271.75,273.05999755859375,27293600,-0.004467559984957958,275.4724975585938,272.6621990966797,0.00613996470249737,31.27709291476414,-0.10532773422710306,0.6087965913525596
2026-01-02,270.5074157714844,271.010009765625,277.8399963378906,269.0,272.260009765625,37838100,-0.0031265196488491354,274.8154983520508,272.8269995117187,0.006047329187832287,31.10879702249065,-0.30350686297697393,0.42633590048665293
2026-01-05,266.7643737792969,267.260009765625,271.510009765625,266.1400146484375,270.6400146484375,45647200,-0.013837127282653072,274.1434982299805,273.0031994628906,0.006201791414370281,25.045368539043196,-0.7544619426188888,0.19017633186554458
2026-01-06,261.8734436035156,262.3599853515625,267.54998779296875,262.1199951171875,267.0,52352100,-0.01833429707033085,273.32249755859374,273.05879943847657,0.007099411135960887,24.243818901851654,-1.4900616085015486,-0.14587125620787406
2026-01-07,259.8471984863281,260.3299865722656,263.67999267578125,259.80999755859375,263.20001220703125,48309800,-0.007737455757884204,272.44449615478516,273.0089990234375,0.007177981457086809,20.665642729523867,-2.2113425985415347,-0.5589655246746061
2026-01-08,258.55963134765625,259.0400085449219,259.2900085449219,255.6999969482422,257.0199890136719,50419300,-0.004955164959399183,271.53749694824216,272.81359924316405,0.0071860946240915645,22.003583071455836,-2.8541525319672587,-1.0180029261331367
2026-01-09,258.8890075683594,259.3699951171875,260.2099914550781,256.2200012207031,259.0799865722656,39997000,0.00127388264893602,270.5669967651367,272.6209991455078,0.0069519936836986065,21.935218366108955,-3.298928878237291,-1.4741881165539676
2026-01-12,259.76739501953125,260.25,261.29998779296875,256.79998779296875,259.1600036621094,45263800,0.0033928553779511983,269.67799682617186,272.4319989013672,0.007123858927358547,19.82913465457125,-3.5396059238001953,-1.8872716780032133
2026-01-13,260.5658874511719,261.04998779296875,261.80999755859375,258.3900146484375,258.7200012207031,45730800,0.003073920434077726,268.81649627685545,272.22499877929687,0.007207031457355119,25.614515207028944,-3.624016481154797,-2.23462063863353
2026-01-14,259.4779052734375,259.9599914550781,261.82000732421875,256.7099914550781,259.489990234375,40019400,-0.004175431483854575,268.10899658203124,272.0167987060547,0.006658476405195735,19.06190466763418,-3.7358020504107117,-2.5348569209889664
2026-01-15,257.73114013671875,258.2099914550781,261.0400085449219,257.04998779296875,260.6499938964844,39388600,-0.006731805114335909,267.288996887207,271.79999877929686,0.006632358733637413,11.651895496030761,-3.920411233726213,-2.811967783536416
2026-01-16,255.05613708496094,255.52999877929688,258.8999938964844,254.92999267578125,257.8999938964844,72142800,-0.010379120733008063,266.47349700927737,271.5097985839844,0.00664896539541225,10.482072767126837,-4.234159596685515,-3.096406146166236
2026-01-20,246.2425079345703,246.6999969482422,254.7899932861328,243.4199981689453,252.72999572753906,80267500,-0.03455563680678142,265.19899673461913,271.04099822998046,0.009592334445415025,6.467120666792027,-5.136108920607455,-3.50434670105448
2026-01-21,247.1907501220703,247.64999389648438,251.55999755859375,245.17999267578125,248.6999969482422,54641700,0.0038508186461043703,263.89799575805665,270.5985983276367,0.009508889303665927,9.44172689883429,-5.708449985693846,-3.9451673579823536
2026-01-22,247.8894500732422,248.35000610351562,251.0,248.14999389648438,249.1999969482422,39708300,0.002826619116832463,262.7669960021973,270.19619842529295,0.009586017074229822,11.871532988331438,-6.035970359366502,-4.363327958259184
2026-01-23,247.58001708984375,248.0399932861328,249.41000366210938,244.67999267578125,247.32000732421875,41689000,-0.0012482899527435087,261.5509963989258,269.7683984375,0.009359048246571864,12.083160166944992,-6.2485190209312975,-4.740366170793607
2026-01-26,254.9363555908203,255.41000366210938,256.55999755859375,249.8000030517578,251.47999572753906,55969200,0.02971299216040002,260.63099670410156,269.37159851074216,0.011952866398129598,32.527270976445394,-5.755916500473347,-4.943476236729555
2026-01-27,257.791015625,258.2699890136719,261.95001220703125,258.2099914550781,259.1700134277344,49648300,0.01119762464490659,259.87449645996094,269.0675982666016,0.01238858955532836,43.58330580332562,-5.076232885169702,-4.970027566417585
2026-01-28,255.96446228027344,256.44000244140625,258.8599853515625,254.50999450683594,257.6499938964844,41288000,-0.007085556394896275,259.00849609375,268.7373980712891,0.012385196816226678,43.8585570280633,-4.631850259170392,-4.902392104968147
2026-01-29,257.801025390625,258.2799987792969,259.6499938964844,254.41000366210938,258.0,67253000,0.007175153331668849,258.26849670410155,268.4547979736328,0.012600608891816929,48.82059209080645,-4.084122280117867,-4.738738139998091
2026-01-30,258.9988098144531,259.4800109863281,261.8999938964844,252.17999267578125,255.1699981689453,92443400,0.004646167774132071,257.64949798583984,268.2951983642578,0.01269798787201482,50.16623735466336,-3.5127204990444056,-4.493534611807354
2026-02-02,269.5093078613281,270.010009765625,270.489990234375,259.2099914550781,260.0299987792969,73913400,0.04058115590203082,257.59949798583983,268.3465985107422,0.01589742144302435,61.41788955975849,-2.1850101354783646,-4.031829716541556
2026-02-03,268.98028564453125,269.4800109863281,271.8800048828125,267.6099853515625,269.20001220703125,64394700,-0.0019628856713753695,257.710498046875,268.36499877929685,0.015574478257569364,59.92467971633815,-1.1621599226513695,-3.4578957577635188
2026-02-04,275.97723388671875,276.489990234375,278.95001220703125,272.2900085449219,272.2900085449219,90545700,0.026012984125945104,258.4169982910156,268.5697985839844,0.015901113150636643,67.07997954142263,0.21166306071995677,-2.7239839940668236
2026-02-05,275.3983459472656,275.9100036621094,279.5,273.2300109863281,278.1300048828125,52977400,-0.0020976765624461935,259.1959991455078,268.65819885253904,0.015754756402856895,68.74208300372777,1.2393412492122593,-1.9313189454110071
2026-02-06,277.6042175292969,278.1199951171875,280.9100036621094,276.92999267578125,277.1199951171875,50453400,0.008009827210848641,260.1499984741211,268.70219848632814,0.01567553801835406,74.16043966230238,2.206674290752744,-1.1037202981782568
2026-02-09,274.3672180175781,274.6199951171875,278.20001220703125,271.70001220703125,277.9100036621094,44623400,-0.01258449612198953,260.9124984741211,268.6551983642578,0.01608816965892663,83.7035489790197,2.6602067387887587,-0.3509348907848536
2026-02-10,273.4280700683594,273.67999267578125,275.3699951171875,272.94000244140625,274.8900146484375,34376900,-0.003422920610733904,261.58399810791013,268.5777984619141,0.01615109483355553,81.4296252842831,2.9102367327926686,0.30129943393065084
2026-02-11,275.24639892578125,275.5,280.17999267578125,274.45001220703125,274.70001220703125,51931300,0.0066501292492171515,262.3064987182617,268.51079833984375,0.01617590357333283,81.91866230584765,3.2181498567186964,0.88466951848826
2026-02-12,261.4891052246094,261.7300109863281,275.7200012207031,260.17999267578125,275.5899963378906,81077200,-0.049981811301894274,262.3949996948242,268.0833984375,0.020007644969551548,62.225425326562664,2.3242575982285416,1.1725871344363163
2026-02-13,255.5445556640625,255.77999877929688,262.2300109863281,255.4499969482422,262.010009765625,56290700,-0.022733396848946263,262.2735000610352,267.47519836425784,0.020623800505592944,50.33900997009195,1.122782546164217,1.1626262167818966
2026-02-17,263.6371154785156,263.8800048828125,266.2900085449219,255.5399932861328,258.04998779296875,58469100,0.031667863563111576,262.6910003662109,267.0697985839844,0.02165624748246453,54.68986704615091,0.8148150287741487,1.0930639791803471
2026-02-18,264.106689453125,264.3500061035156,266.82000732421875,262.45001220703125,263.6000061035156,34203300,0.0017811172199722058,263.5735008239746,266.74279846191405,0.01989541697189983,56.766472318276776,0.6017372703192336,0.9947986374081245
2026-02-19,260.3401184082031,260.5799865722656,264.4800109863281,260.04998779296875,262.6000061035156,30845300,-0.014261469431454121,264.22000045776366,266.37879821777346,0.020294015292244203,51.90459391104111,0.12719630299341134,0.8212781705251819
2026-02-20,264.3364562988281,264.5799865722656,264.75,258.1600036621094,258.9700012207031,42070500,0.015350373037534393,265.0314994812012,266.11259765625,0.02048897232260518,54.036068516269765,0.07304373539631115,0.6716312834994078
2026-02-23,265.9349670410156,266.17999267578125,269.42999267578125,263.3800048828125,263.489990234375,37308200,0.006047343656806037,265.9384994506836,265.89259765625,0.020467348811543367,46.470030331941246,0.15741991735541205,0.5687890102706087
2026-02-24,271.8895263671875,272.1400146484375,274.8900146484375,267.7099914550781,267.8599853515625,47014600,0.022390946489790453,266.775,265.7597979736328,0.02003923056298432,52.22855448086133,0.6971760016964481,0.5944664085557766
2026-02-25,273.97760009765625,274.2300109863281,274.94000244140625,271.04998779296875,271.7799987792969,33714300,0.007679856784716499,267.5730010986328,265.6837982177734,0.019982257951422683,47.9364704295697,1.2788401516905878,0.7313411571827388
2026-02-26,272.6987609863281,272.95001220703125,276.1099853515625,270.79998779296875,274.95001220703125,32345100,-0.004667610137537803,268.39850158691405,265.57719848632814,0.01992402611596197,47.331420254606385,1.6178780856544108,0.9086485428770732
2026-02-27,263.93682861328125,264.17999267578125,272.80999755859375,262.8900146484375,272.80999755859375,72366500,-0.03213049693728531,268.6935012817383,265.3785986328125,0.021406503228598665,38.76170240823826,1.165466041843672,0.960012042670393
2026-03-02,264.476318359375,264.7200012207031,266.5299987792969,260.20001220703125,262.4100036621094,41827900,0.002044093269336189,268.955500793457,265.1807989501953,0.02139331084352318,41.618710667856504,0.8408081017937548,0.9361712544950653
2026-03-03,263.5072326660156,263.75,265.55999755859375,260.1300048828125,263.4800109863281,38568900,-0.0036642536122324376,268.64250030517576,265.0189990234375,0.019293241205763676,41.59758173472213,0.49948559438473694,0.8488341224729997
2026-03-04,262.2783508300781,262.5199890136719,266.1499938964844,261.4200134277344,264.6499938964844,39803100,-0.004663548763329417,268.294499206543,264.82559875488283,0.019309825925332147,38.90599087812759,0.12825499742689317,0.7047182974637785
2026-03-05,260.0504150390625,260.2900085449219,261.55999755859375,257.25,260.7900085449219,49658600,-0.00849451684471103,267.4845001220703,264.55799865722656,0.01827072287828412,48.4667803492099,-0.34194696063048013,0.49538524584492677
2026-03-06,257.2229919433594,257.4599914550781,258.7699890136719,254.3699951171875,258.6300048828125,41120000,-0.010872553678353492,266.56199951171874,264.28779846191406,0.018356759349470262,51.916046199511044,-0.9321983256984936,0.2098685315362427
2026-03-09,259.6407775878906,259.8800048828125,261.1499938964844,253.67999267578125,255.69000244140625,38218500,0.009399570838394267,265.65,264.03819885253904,0.018404364360202437,44.75892293051191,-1.190973129443023,-0.07029980065961047
2026-03-10,260.58990478515625,260.8299865722656,262.4800109863281,256.95001220703125,257.6499938964844,30590800,0.0036554627966916,264.9604995727539,263.7785986328125,0.018327704276752912,45.44511822379197,-1.3043625630820088,-0.31711235314409014
2026-03-11,260.5699157714844,260.80999755859375,262.1300048828125,259.54998779296875,261.0899963378906,26218900,-7.663617950748325e-05,264.3169998168945,263.5267987060547,0.01833325634378937,50.32962265487717,-1.3799304730000017,-0.5296759771152725
2026-03-12,255.52456665039062,255.75999450683594,258.95001220703125,254.17999267578125,258.6600036621094,40794000,-0.019362766377938656,263.32999954223635,263.1667984008789,0.018589996985178665,37.729576749610565,-1.8262596433267504,-0.7889927103575681
2026-03-13,249.8897705078125,250.1199951171875,256.3299865722656,249.52000427246094,255.47999572753906,36930000,-0.022051921765652405,262.7494987487793,262.70759857177734,0.015750146878316863,29.914981382617356,-2.6050501452546087,-1.1522041973369763
2026-03-16,252.58729553222656,252.82000732421875,253.88999938964844,249.8800048828125,252.11000061035156,32074200,0.01079486750256109,262.6014991760254,262.3267990112305,0.015219163756148719,23.69282322259363,-2.9701408736086705,-1.5157915325913152
2026-03-17,253.99598693847656,254.22999572753906,255.1300048828125,252.17999267578125,252.9600067138672,32361600,0.005577044389181385,262.1189987182617,261.99119873046874,0.013318832051061748,22.253049321335737,-3.10985515141482,-1.834604256356016
2026-03-18,249.70994567871094,249.94000244140625,254.94000244140625,249.0,252.6300048828125,35757900,-0.016874457610149385,261.39849853515625,261.64479858398437,0.01370427087180357,20.53777339790605,-3.5260996465793824,-2.172903334400689
2026-03-19,248.73085021972656,248.9600067138672,251.8300018310547,247.3000030517578,249.39999389648438,34864100,-0.0039209238936004365,260.8174995422363,261.37679901123045,0.01343796139646151,25.655808323021688,-3.8902099541435575,-2.516364658349263
2026-03-20,247.76173400878906,247.99000549316406,249.1999969482422,246.0,247.97999572753906,88331100,-0.003896213024359163,259.9880004882813,261.12999938964845,0.012789068142992358,23.603656525434133,-4.208527700420689,-2.8547972667635486
2026-03-23,251.25851440429688,251.49000549316406,254.60000610351562,250.27999877929688,253.97000122070312,40546100,0.01411347200480817,259.2535011291504,260.97899932861327,0.01321462143402278,32.08649980090438,-4.130759237242671,-3.109989660859373
2026-03-24,251.4083709716797,251.63999938964844,254.8300018310547,249.5500030517578,250.35000610351562,45152300,0.0005964209042432778,258.22850036621094,260.8243994140625,0.011861557954281477,33.58479202858747,-4.010790025207115,-3.2901497337289216
2026-03-25,252.38746643066406,252.6199951171875,255.0,251.60000610351562,254.10000610351562,28476700,0.00389443542328749,257.1479995727539,260.67179931640624,0.011697113420990597,37.974259572753695,-3.792913746626766,-3.390702536308491
2026-03-26,252.6572265625,252.88999938964844,257.0,250.77000427246094,252.1199951171875,41796700,0.0010688159198788405,256.14499893188474,260.5085995483398,0.011750863659618976,42.20934787731984,-3.5574500679230425,-3.4240520426314016
2026-03-27,248.57098388671875,248.8000030517578,255.49000549316406,248.07000732421875,253.89999389648438,47900000,-0.016173025219509918,255.3759994506836,260.28539978027345,0.010155380189741313,32.12900291541746,-3.6586967503894527,-3.4709809841830124
2026-03-30,246.40298461914062,246.6300048828125,250.8699951171875,245.50999450683594,250.07000732421875,39446200,-0.008721857485242457,254.47149963378905,260.0538000488281,0.010162318925922639,27.964005895145206,-3.8694317914355736,-3.5506711456335247
2026-03-31,253.55638122558594,253.7899932861328,255.47999572753906,247.10000610351562,247.91000366210938,49598100,0.029031294901536553,253.9734992980957,260.01899993896484,0.012494039662805611,41.082304869751646,-3.4192743379568356,-3.524391784098187
2026-04-01,255.3946990966797,255.6300048828125,256.17999267578125,253.3300018310547,254.0800018310547,40059400,0.007250134541771258,253.62900009155274,260.1976000976563,0.01263597986530155,49.820207882657094,-2.8808392332117876,-3.395681273920907
2026-04-02,255.68443298339844,255.9199981689453,256.1300048828125,250.64999389648438,254.1999969482422,31289400,0.0011344258521832629,253.4104995727539,260.36300018310544,0.012528534575395496,59.41559776607166,-2.4030249233842937,-3.1971500038135847
2026-04-06,258.6217041015625,258.8599853515625,262.1600036621094,256.4599914550781,256.510009765625,29329900,0.011487914987700076,253.48049926757812,260.5731997680664,0.01257732231843459,59.729362502052375,-1.7667551911638384,-2.9110710412836354
2026-04-07,253.26666259765625,253.5,256.20001220703125,245.6999969482422,256.1600036621094,62148000,-0.020706117804507373,253.1614990234375,260.6823999023438,0.013221825719102912,48.95684926219996,-1.675696480960056,-2.6639961292189196
2026-04-08,258.66168212890625,258.8999938964844,259.75,256.5299987792969,258.45001220703125,41032800,0.02130175107094434,253.06499938964845,260.75219970703125,0.014118395784570935,62.4099793477682,-1.154489186568469,-2.3620947406888293
2026-04-09,260.2502136230469,260.489990234375,261.1199951171875,256.07000732421875,259.0,28121600,0.006141353323192211,253.0489990234375,260.7965997314453,0.014191307003883555,65.70416859428146,-0.606142006611492,-2.010904193873362
2026-04-10,260.240234375,260.4800109863281,262.19000244140625,259.0199890136719,259.9800109863281,31291500,-3.8309525974056235e-05,253.2849998474121,260.87739990234377,0.013439064552530508,67.468576430904,-0.17041373433426088,-1.6428061019655416
2026-04-13,258.96142578125,259.20001220703125,260.17999267578125,256.6600036621094,259.7300109863281,36234700,-0.004914000020385667,253.7390007019043,260.89580017089844,0.012397885946170806,61.497203307337664,0.07080268729896488,-1.3000843441126402
2026-04-14,258.59173583984375,258.8299865722656,261.92999267578125,257.19000244140625,259.25,48370700,-0.001427567968129817,254.03949966430665,260.8827996826172,0.012234304758012496,60.65184731062913,0.2294653295397211,-0.9941744093821681
2026-04-15,266.18475341796875,266.42999267578125,266.55999755859375,257.80999755859375,258.1600036621094,49913500,0.029362927395561567,254.64949951171874,260.81119934082034,0.013740815832151138,67.10429733536029,0.9574269711251304,-0.6038541332807084
2026-04-16,263.15753173828125,263.3999938964844,267.1600036621094,261.2699890136719,266.79998779296875,43323100,-0.011372588907376024,255.32249908447267,260.6895989990234,0.01338432988447409,62.18409978189074,1.2751471356014008,-0.22805387950428657
2026-04-17,269.98126220703125,270.2300109863281,272.29998779296875,266.7200012207031,266.9599914550781,61436200,0.025930209749845057,256.3859992980957,260.5643994140625,0.014242787794707132,73.35951312898456,2.054386267237305,0.2284341498440318
2026-04-20,272.79864501953125,273.04998779296875,274.2799987792969,270.2900085449219,270.3299865722656,36590200,0.010435468645202839,257.6389984130859,260.5071990966797,0.01417420684887267,78.39639561627588,2.866444861872253,0.7560362922496761
2026-04-21,265.9250183105469,266.1700134277344,272.79998779296875,265.3999938964844,271.5,50209800,-0.025196757637106715,258.3729988098145,260.2681994628906,0.015496128678852354,63.38671605979578,2.921177203326863,1.1890644744651135
2026-04-22,272.9185791015625,273.1700134277344,273.739990234375,266.8699951171875,267.82000732421875,43249200,0.026298980526972437,259.4494995117187,260.23919982910155,0.016333459794083544,67.06228740827645,3.4891734571351094,1.6490862709991128
2026-04-23,273.1783142089844,273.42999267578125,275.7699890136719,271.6499938964844,275.04998779296875,33399600,0.0009517122497622044,260.48999938964846,260.23419982910156,0.01634997670450433,67.04304280398588,3.9151611919328957,2.1023012551858695
2026-04-24,270.81048583984375,271.05999755859375,273.05999755859375,269.6499938964844,272.760009765625,38157100,-0.008667648687676,261.3984992980957,260.14539978027346,0.016587958094335366,62.007903343241544,4.015235605096507,2.484888125167997
2026-04-27,267.3636474609375,267.6099853515625,268.3599853515625,265.07000732421875,266.0899963378906,41466800,-0.012727854490168666,262.33899841308596,260.26299926757815,0.016388446276355793,64.43035256606322,3.7726691646484483,2.7424443330640873
2026-04-28,270.4608154296875,270.7099914550781,273.2300109863281,268.6600036621094,272.3399963378906,40018900,0.011584044965448959,263.5429977416992,260.56159912109376,0.01620124577915881,62.67440032489225,3.7869247860633664,2.951340423663943
2026-04-29,269.92132568359375,270.1700134277344,271.0400085449219,267.0400085449219,267.54998779296875,30047900,-0.0019946734305643643,264.3619987487793,260.68739929199216,0.01521351895632011,60.628057038585276,3.7118627119301095,3.1034448813171767
2026-04-30,271.1002502441406,271.3500061035156,276.0,268.1400146484375,270.5,91848200,0.004367593060422559,265.14799880981445,260.8273992919922,0.015187176872078077,61.63562856724718,3.704883434686451,3.2237325919910313
2026-05-01,279.88214111328125,280.1400146484375,287.2200012207031,278.3699951171875,278.8599853515625,79915400,0.032393618379240596,266.35899963378904,261.2185998535156,0.01652415428660221,69.31023031722088,4.35839170898015,3.4506644153888555
2026-05-04,276.5751647949219,276.8299865722656,280.6300048828125,274.8599853515625,279.6600036621094,46668400,-0.011815620415119188,267.2574996948242,261.46359985351563,0.016836054925278232,65.7452838146777,4.556683510866321,3.6718682344843487
2026-05-05,283.9184265136719,284.17999267578125,284.57000732421875,276.5,276.92999267578125,49311700,0.026550613950909296,268.79149932861327,261.82359985351565,0.01657483610571158,65.59480616422121,5.246437591702943,3.986782105928068
2026-05-06,287.245361328125,287.510009765625,288.0299987792969,281.07000732421875,281.9200134277344,58336100,0.01171798569803939,270.2220001220703,262.13099975585936,0.016240007973912857,71.07150801453278,5.992697136941899,4.387965112130835
2026-05-07,287.1754150390625,287.44000244140625,292.1300048828125,285.7799987792969,289.2699890136719,45224300,-0.00024349525874178823,271.5695007324219,262.39519958496095,0.01628692072768177,67.05648929767202,6.503495944106646,4.811071278525997
2026-05-08,293.0500183105469,293.32000732421875,294.760009765625,290.0,290.010009765625,52692800,0.02045645989726541,273.2115005493164,262.8025994873047,0.016591182465373566,68.94039976822386,7.29864074442753,5.308585171706304
2026-05-11,292.67999267578125,292.67999267578125,293.8800048828125,290.2300109863281,291.9800109863281,42247300,-0.0021819672455212213,274.88549957275393,263.3725994873047,0.016506894597925058,78.04098918941602,7.787386747146286,5.804345486794301
2026-05-12,294.79998779296875,294.79998779296875,295.2699890136719,292.55999755859375,292.55999755859375,45748100,0.007243389265544797,276.6839996337891,263.97419921875,0.01640901225405431,75.51303528991669,8.25067867603616,6.293612124642673
2026-05-13,298.8699951171875,298.8699951171875,300.9200134277344,293.5,293.5,52684300,0.013805995565634221,278.3059997558594,264.6765991210938,0.015625943369706564,77.53242652673521,8.844304803724697,6.8037506604590785
2026-05-14,298.2099914550781,298.2099914550781,300.45001220703125,295.3800048828125,299.82000732421875,35324900,-0.00220833028705536,280.04649963378904,265.39039916992186,0.015222665302677584,80.51241176224457,9.155956836090468,7.274191895585357
2026-05-15,300.2300109863281,300.2300109863281,303.20001220703125,296.5199890136719,297.8999938964844,54862800,0.0067738157309671365,281.54649963378904,266.18919921875,0.014510853749395113,87.87733177981747,9.456928427062564,7.710739201880799
2026-05-18,297.8399963378906,297.8399963378906,300.6600036621094,294.9100036621094,300.239990234375,34483000,-0.007960612067346995,282.78600006103517,266.9967993164062,0.014754342415780703,82.03062848050915,9.394304676785794,8.047452296861799
2026-05-19,298.9700012207031,298.9700012207031,300.510009765625,296.3500061035156,296.9700012207031,42243600,0.003793999787491842,284.4259994506836,267.7785992431641,0.013008442180215036,83.53505389243686,9.328325721473789,8.303626981784197
2026-05-20,302.25,302.25,302.79998779296875,298.0799865722656,298.17999267578125,38229800,0.0109709963070026,285.8799987792969,268.60699951171875,0.012168190996392155,84.30273566528331,9.431979425814575,8.529297470590272
2026-05-21,304.989990234375,304.989990234375,305.5400085449219,300.3999938964844,301.05999755859375,42965100,0.009065310949131433,287.45799865722654,269.4905993652344,0.012156434782288492,81.8670223257474,9.624277367560865,8.748293449984391
2026-05-22,308.82000732421875,308.82000732421875,311.3999938964844,305.8399963378906,306.1199951171875,43670200,0.012557845216167651,289.3459991455078,270.551799621582,0.011770622715867197,90.48334436577127,9.970788202391702,8.992792400465854
2026-05-26,308.3299865722656,308.3299865722656,311.82000732421875,307.6700134277344,309.55999755859375,48000500,-0.001586751960143129,291.38199920654296,271.71599945068357,0.011048906190816664,86.983013967,10.089553859697162,9.212144692312116
2026-05-27,310.8500061035156,310.8500061035156,313.260009765625,308.29998779296875,308.3299865722656,50430900,0.008173125031610828,293.38899993896484,272.87659942626954,0.011003328526701746,86.65186799663005,10.268650404412881,9.42344583473227
2026-05-28,312.510009765625,312.510009765625,312.79998779296875,309.57000732421875,310.67999267578125,48220400,0.005340207912225559,295.50599975585936,274.0421997070313,0.010808478162162691,87.49614309527331,10.4243684976272,9.623630367311256
2026-05-29,312.05999755859375,312.05999755859375,315.0,309.5299987792969,311.7799987792969,70026800,-0.001439992937726231,297.54149932861327,275.284599609375,0.010969930220930433,83.46412238367404,10.39167522083676,9.777239338016356
2026-06-01,306.30999755859375,306.30999755859375,310.94000244140625,305.0199890136719,309.6300048828125,48849900,-0.018425943872925732,298.8499984741211,276.43159942626954,0.010677343526182981,70.58284606139259,9.788947722259195,9.779581014864924
2026-06-02,315.20001220703125,315.20001220703125,315.45001220703125,306.69000244140625,307.4599914550781,44534700,0.029022933365852488,300.76849975585935,277.7757995605469,0.011275253988357601,75.57667937973297,9.914345321001122,9.806533876092164
2026-06-03,310.260009765625,310.260009765625,316.94000244140625,308.8500061035156,314.17999267578125,50836700,-0.015672595971098935,302.07250061035154,278.9511996459961,0.011290358939557222,63.975436231558454,9.505533041829153,9.746333709239563
2026-06-04,311.2300109863281,311.2300109863281,313.5400085449219,309.6499938964844,313.2300109863281,44869100,0.0031264139436979477,303.25850067138674,280.1429998779297,0.011162397581117317,65.85482415653257,9.154292372997418,9.627925441991135
2026-06-05,307.3399963378906,307.3399963378906,315.1700134277344,307.1499938964844,312.8599853515625,65310500,-0.012498841728371679,304.2535003662109,281.2373999023437,0.011731259829655774,58.280883237342664,8.46446683574112,9.395233720741132
2026-06-08,301.5400085449219,301.5400085449219,317.3999938964844,301.1700134277344,308.739990234375,77949100,-0.01887156849768501,304.6645004272461,282.21040008544924,0.012017508886249105,53.992236932916775,7.364866983058619,8.98916037320463
2026-06-09,290.54998779296875,290.54998779296875,300.75,287.7799987792969,300.2799987792969,70108800,-0.03644631040831148,304.5580001831055,283.04539978027344,0.014704673003471258,42.50889868128467,5.542730206777662,8.299874339919237
2026-06-10,291.5799865722656,291.5799865722656,294.75,287.3800048828125,290.739990234375,52793300,0.003544996808021894,304.3970001220703,283.9443994140625,0.014628379676169654,40.111220661180866,4.134130296566639,7.466725531248718
2026-06-11,295.6300048828125,295.6300048828125,297.0,289.5899963378906,293.7200012207031,42572500,0.013889904990249002,304.23500061035156,284.7811996459961,0.014632693959510865,41.53097808438869,3.3064921660852633,6.634678858216028
2026-06-12,291.1300048828125,291.1300048828125,297.1400146484375,289.6199951171875,296.0299987792969,38742100,-0.015221729613622226,303.8810012817383,285.4911996459961,0.01500006516151063,34.18561939152667,2.261402551991978,5.760023596971219
2026-06-15,296.4200134277344,296.4200134277344,297.7799987792969,291.70001220703125,294.1199951171875,45732600,0.018170605764429082,303.6905014038086,286.3011999511719,0.01552205219975728,40.1943413179069,1.8388241621748875,4.975783710011952
2026-06-16,299.239990234375,299.239990234375,300.4800109863281,293.9700012207031,295.25,39874400,0.009513449426140408,303.7605010986328,287.10880004882813,0.015573099409865442,40.488280771444416,1.7117443808003259,4.322975844169627
2026-06-17,295.95001220703125,295.95001220703125,302.07000732421875,294.3599853515625,300.8500061035156,42745100,-0.010994446379867018,303.60950164794923,287.9578002929687,0.015751050850776754,36.78583743578454,1.3302250014077117,3.7244256756172445
2026-06-18,298.010009765625,298.010009765625,300.57000732421875,295.6199951171875,298.1099853515625,85962200,0.006960626705947437,303.39750213623046,288.74000061035156,0.015623832738604687,39.069563152896485,1.1804848370259151,3.2156375078989785
2026-06-22,297.010009765625,297.010009765625,302.4200134277344,296.760009765625,297.30999755859375,44879900,-0.0033555919842641613,302.99850311279295,289.47040100097655,0.015465917296501562,42.18751281819897,0.9699421459914674,2.766498435517476
2026-06-23,294.29998779296875,294.29998779296875,301.6400146484375,294.17999267578125,297.5400085449219,52010900,-0.00912434558954689,302.27250213623046,290.14680053710936,0.01520776319407328,30.408685891091096,0.5777494854422685,2.328748645502435
2026-06-24,293.0799865722656,293.0799865722656,299.70001220703125,292.94000244140625,295.3599853515625,53081900,-0.004145434153267291,301.51000213623047,290.82440002441405,0.01521225505807992,32.68841765639637,0.16656995902485505,1.8963129082069192
2026-06-25,275.1499938964844,275.1499938964844,288.79998779296875,273.75,287.3999938964844,107013700,-0.06117781321571136,299.7250015258789,291.15080017089844,0.01986302017468392,22.904770329844595,-1.5877902817807126,1.1994922702093929
2026-06-26,283.7799987792969,283.7799987792969,285.95001220703125,274.2099914550781,275.0,261775500,0.03136472859984596,298.2885009765625,291.49780029296875,0.02142821496819797,33.48289740669075,-2.2557611318538306,0.5084415897967483
2026-06-29,281.739990234375,281.739990234375,288.3699951171875,279.8500061035156,286.7300109863281,66427000,-0.007188697419469814,296.7725006103516,291.8646002197266,0.02142230611931093,35.34635133053604,-2.9161291617697884,-0.17647256051655913
2026-06-30,289.3599853515625,289.3599853515625,289.94000244140625,280.70001220703125,281.1700134277344,65100200,0.02704619642688466,295.925,292.24719970703126,0.022303495809414382,49.073062473792156,-2.792416421879693,-0.699661332789186
2026-07-01,294.3800048828125,294.3800048828125,296.5899963378906,289.20001220703125,293.44000244140625,50164200,0.017348699838890536,294.8839996337891,292.6738000488281,0.021573048190456436,52.05340081991905,-2.263210678197936,-1.0123712018709359
2026-07-02,308.6300048828125,308.6300048828125,309.4200134277344,293.67999267578125,294.1199951171875,75352800,0.0484068203126522,294.80249938964846,293.5229998779297,0.02421743881748216,58.29293135375314,-0.6860470821145555,-0.9471063779196598
2026-07-06,312.6600036621094,312.6600036621094,314.20001220703125,307.0,307.3599853515625,53590000,0.01305770247720095,294.8739990234375,294.3127996826172,0.02438577545355489,63.817223570333205,0.8789219864658548,-0.5819007050425569
2026-07-07,310.6600036621094,310.6600036621094,315.4800109863281,310.1499938964844,315.2900085449219,42490000,-0.006396724801939757,295.0399993896484,295.0573999023438,0.02425220311221468,59.54167191515606,1.9354769890691728,-0.07842516622021095
2026-07-08,313.3900146484375,313.3900146484375,314.82000732421875,307.04998779296875,311.9100036621094,41323500,0.008787777487112347,295.6324996948242,295.9040002441406,0.023855646753371453,59.49283432970273,2.958984183874861,0.5290567037988035
2026-07-09,316.2200012207031,316.2200012207031,316.5299987792969,308.1600036621094,310.510009765625,48124500,0.009030238488741738,296.91600036621094,296.87620056152343,0.022079129211903803,63.682988158427634,3.9529105823350505,1.213827479506053
2026-07-10,315.32000732421875,315.32000732421875,316.9100036621094,312.1700134277344,314.7200012207031,34132300,-0.0028461004775477416,298.1030014038086,297.7684008789063,0.0221394778742784,61.87079237676195,4.614786047137443,1.8940191930323311
2026-07-13,317.30999755859375,317.30999755859375,323.45001220703125,315.7799987792969,317.0199890136719,43257800,0.0063110179758711915,299.18700103759767,298.7112005615234,0.02202869037905618,63.73476392864753,5.239504950825847,2.5631163445910348
2026-07-14,314.8599853515625,314.8599853515625,316.19000244140625,311.9100036621094,313.760009765625,36336800,-0.0077211944971221635,300.37350006103514,299.5814001464844,0.021750304788724334,63.95980001956042,5.473805055994205,3.145254086871669
2026-07-15,327.5,327.5,328.7300109863281,317.32000732421875,317.6199951171875,60957600,0.040144874663333496,301.92749938964846,300.52859985351563,0.023014006250525715,70.23277807815381,6.603314226517284,3.8368661148007925
2026-07-16,333.260009765625,333.260009765625,334.67999267578125,326.7900085449219,328.010009765625,62970600,0.017587816078244334,303.6285003662109,301.65720031738283,0.023163051948612873,89.86142122479706,7.872493823170487,4.643991656474732
2026-07-17,333.739990234375,333.739990234375,334.989990234375,329.0,331.9800109863281,63407100,0.0014402582208634662,305.51799926757815,302.64840026855467,0.022857506209451057,88.58509070185222,8.815439312948115,5.478281187769409
2026-07-20,326.5899963378906,326.5899963378906,333.7099914550781,323.67999267578125,333.510009765625,53468000,-0.021423845225929217,306.9469985961914,303.43,0.023679222319411827,82.10451122727838,8.883383538975067,6.159301658010541
2026-07-21,327.739990234375,327.739990234375,329.6000061035156,322.2200012207031,323.1300048828125,41338900,0.0035212159263280363,308.4834976196289,304.2359997558594,0.023603495014869764,80.27769164247923,8.92711845949674,6.712865018307782
2026-07-22,325.8900146484375,325.8900146484375,329.0,323.3399963378906,327.8699951171875,38755900,-0.0056446440503478135,310.06299896240233,304.88739990234376,0.023504960846457527,76.16677479523153,8.71207376690188,7.112706768026602
2026-07-23,321.6600036621094,321.6600036621094,323.29998779296875,319.3500061035156,321.7300109863281,40840800,-0.012979872951588756,311.4919998168945,305.4670001220703,0.023774758162622766,62.980679486205055,8.106871792120216,7.311539772845325
2026-07-24,333.0199890136719,333.0199890136719,334.3699951171875,321.6199951171875,321.7900085449219,47489400,0.035316748188238156,314.38549957275393,306.23140014648436,0.01895484151999391,67.69819197013604,8.446534355112533,7.538538689298767
2026-07-27,336.9100036621094,336.9100036621094,339.57000732421875,334.0199890136719,334.5400085449219,49604300,0.011681024493330971,317.04199981689453,306.9922003173828,0.01827266458705549,72.09225035007135,8.92670950485234,7.8161728524094825
2026-07-28,340.0799865722656,340.0799865722656,342.8900146484375,335.6000061035156,340.0299987792969,51859000,0.009408990162653286,319.95899963378906,307.82960021972656,0.017882272368822828,72.29740720174712,9.454062352839287,8.143750752495444
2026-07-29,338.19000244140625,338.19000244140625,344.57000732421875,337.3500061035156,339.7300109863281,56090800,-0.005557469435084728,322.40050048828124,308.58880004882815,0.017693617402620924,68.64710797617647,9.60872397141759,8.436745396279873
2026-07-30,333.42999267578125,333.42999267578125,334.75,329.5899963378906,333.1000061035156,74817800,-0.014074957069287408,324.3529998779297,309.30059997558595,0.01820511219203609,64.42567892783417,9.240680597588153,8.59753243654153
2026-07-31,308.9100036621094,308.9100036621094,310.69000244140625,300.0,304.80999755859375,132275300,-0.07353864245054431,324.3669998168945,309.49940002441406,0.023146877331806932,45.07620275273701,6.891010105917928,8.25622797041681
